,company,product_name,url
0,10001,진라면 매운맛,https://www.otokimall.com/front/product/503
1,10001,참깨라면 용기 110G,https://www.otokimall.com/front/product/543
2,10001,열라면,https://www.otokimall.com/front/product/501
3,10001,진라면 순한맛,https://www.otokimall.com/front/product/502
4,10001,진라면 매운맛 용기 110G,https://www.otokimall.com/front/product/546
5,10001,짜슐랭,https://www.otokimall.com/front/product/537
6,10001,진비빔면,https://www.otokimall.com/front/product/523
7,10001,오동통면,https://www.otokimall.com/front/product/526
8,10001,콕콕콕 스파게티 용기 120G,https://www.otokimall.com/front/product/570
9,10001,튀김우동 용기 110G,https://www.otokimall.com/front/product/544
10,10001,진라면 매운맛 컵 65G,https://www.otokimall.com/front/product/576
11,10001,스낵면,https://www.otokimall.com/front/product/499
12,10001,진라면 순한맛 용기 110G,https://www.otokimall.com/front/product/545
13,10001,진라면 매운맛 컵,https://www.otokimall.com/front/product/588
14,10001,콕콕콕 라면볶이 용기 120G,https://www.otokimall.com/front/product/571
15,10001,육개장 컵 104G,https://www.otokimall.com/front/product/593
16,10001,참깨라면,https://www.otokimall.com/front/product/516
17,10001,참깨라면 컵 65G,https://www.otokimall.com/front/product/574
18,10001,열라면 용기 105G,https://www.otokimall.com/front/product/547
19,10001,컵누들 6종 15개+15개 골라담기,https://www.otokimall.com/front/product/2702
20,10001,라면사리,https://www.otokimall.com/front/product/500
21,10001,라면사리 얇은면,https://www.otokimall.com/front/product/504
22,10001,진짬뽕,https://www.otokimall.com/front/product/507
23,10001,마열라면,https://www.otokimall.com/front/product/2414
24,10001,오뚜기생면사리 200G,https://www.otokimall.com/front/product/627
25,10001,진라면 순한맛 컵 65G,https://www.otokimall.com/front/product/575
26,10001,보들보들 치즈볶음면 매운맛,https://www.otokimall.com/front/product/3581
27,10001,콕콕콕 치즈볶이 용기 95G,https://www.otokimall.com/front/product/572
28,10001,컵누들 베트남쌀국수 용기 88.5G,https://www.otokimall.com/front/product/608
29,10001,BIG컵누들 매콤한맛 용기 61G,https://www.otokimall.com/front/product/2215
30,10001,유부우동 용기 100G,https://www.otokimall.com/front/product/551
31,10001,함흥비빔면,https://www.otokimall.com/front/product/3321
32,10001,진라면 약간매운맛,https://www.otokimall.com/front/product/4499
33,10001,컵누들 매콤한맛 컵,https://www.otokimall.com/front/product/599
34,10001,진라면 매운맛/순한맛 컵,https://www.otokimall.com/front/product/4323
35,10001,새우탕 용기 110G,https://www.otokimall.com/front/product/541
36,10001,컵누들 마라탕 컵,https://www.otokimall.com/front/product/2660
37,10001,진라면 순한맛 컵,https://www.otokimall.com/front/product/587
38,10001,옛날 쌀국수 멸치맛 92G,https://www.otokimall.com/front/product/4055
39,10001,진짬뽕 용기 115G,https://www.otokimall.com/front/product/550
40,10001,김치면 용기 105G,https://www.otokimall.com/front/product/542
41,10001,참깨라면 컵,https://www.otokimall.com/front/product/589
42,10001,콕콕콕 컵라면 5종 골라담기,https://www.otokimall.com/front/product/4194
43,10001,크림진짬뽕 용기 105G,https://www.otokimall.com/front/product/564
44,10001,마열라면 용기 105G,https://www.otokimall.com/front/product/2476
45,10001,스파게티,https://www.otokimall.com/front/product/525
46,10001,BIG컵누들 우동맛 용기 61.5G,https://www.otokimall.com/front/product/2216
47,10001,참깨라면볶음면 용기 110G,https://www.otokimall.com/front/product/2311
48,10001,스낵면 용기 90G,https://www.otokimall.com/front/product/548
49,10001,열튀김우동 100G,https://www.otokimall.com/front/product/2845
50,10001,옛날잡채 봉지,https://www.otokimall.com/front/product/626
51,10001,옛날잡채 용기 76G,https://www.otokimall.com/front/product/625
52,10001,가뿐한끼 곤누들 비빔국수 192G,https://www.otokimall.com/front/product/2095
53,10001,라면사리 굵은면,https://www.otokimall.com/front/product/505
54,10001,김치라면,https://www.otokimall.com/front/product/512
55,10001,육개장 컵,https://www.otokimall.com/front/product/594
56,10001,유부우동 컵라면 소컵 62G/용기면 100G,https://www.otokimall.com/front/product/4193
57,10001,진비빔면 용기 134G,https://www.otokimall.com/front/product/3166
58,10001,메밀비빔면,https://www.otokimall.com/front/product/521
59,10001,유부우동 컵,https://www.otokimall.com/front/product/592
60,10001,오동통면 용기 100G,https://www.otokimall.com/front/product/565
61,10001,죽장연 빠개장면,https://www.otokimall.com/front/product/3054
62,10001,진짜장 용기 115G,https://www.otokimall.com/front/product/549
63,10001,진라면 매운맛,https://www.otokimall.com/front/product/498
64,10001,오쉐프 진한라면스프 285G,https://www.otokimall.com/front/product/630
65,10001,옛날 쌀국수 김치맛 92G,https://www.otokimall.com/front/product/4056
66,10001,컵누들 로제맛 컵,https://www.otokimall.com/front/product/615
67,10001,순후추라면 사골곰탕맛,https://www.otokimall.com/front/product/534
68,10001,쇠고기미역국라면,https://www.otokimall.com/front/product/520
69,10001,콩국수라면,https://www.otokimall.com/front/product/509
70,10001,열라면 컵,https://www.otokimall.com/front/product/583
71,10001,컴누들 우동맛 컵,https://www.otokimall.com/front/product/600
72,10001,스낵면 컵,https://www.otokimall.com/front/product/584
73,10001,순후추라면사골곰탕맛 용기 105G,https://www.otokimall.com/front/product/567
74,10001,콕콕콕 마요짜장볶이 용기 130G,https://www.otokimall.com/front/product/569
75,10001,진진짜라,https://www.otokimall.com/front/product/524
76,10001,컵누들 잔치쌀국수 컵,https://www.otokimall.com/front/product/606
77,10001,스낵면 컵 62G,https://www.otokimall.com/front/product/578
78,10001,오진열스,https://www.otokimall.com/front/product/2335
79,10001,진짜장,https://www.otokimall.com/front/product/506
80,10001,컵누들 매콤찜닭맛 컵,https://www.otokimall.com/front/product/610
81,10001,짜슐랭 2개 + 진짜장,https://www.otokimall.com/front/product/2382
82,10001,유부우동 컵 62G,https://www.otokimall.com/front/product/581
83,10001,컵누들 베트남쌀국수 컵,https://www.otokimall.com/front/product/601
84,10001,굴진짬뽕,https://www.otokimall.com/front/product/511
85,10001,크림진짬뽕,https://www.otokimall.com/front/product/528
86,10001,컵누들 참깨라면 컵,https://www.otokimall.com/front/product/4066
87,10001,컵누들 매콤한맛 컵 37.8G,https://www.otokimall.com/front/product/2402
88,10001,진짬뽕 컵,https://www.otokimall.com/front/product/591
89,10001,리얼치즈라면 용기 120G,https://www.otokimall.com/front/product/553
90,10001,볶음진짬뽕 용기 110G,https://www.otokimall.com/front/product/558
91,10001,오뚜기카레면,https://www.otokimall.com/front/product/518
92,10001,옛날 사골곰탕면 105G,https://www.otokimall.com/front/product/3953
93,10001,오뚜기카레면 용기 110G,https://www.otokimall.com/front/product/555
94,10001,짜슐랭 용기 125G,https://www.otokimall.com/front/product/3861
95,10001,부대찌개라면 용기 115G,https://www.otokimall.com/front/product/552
96,10001,빅컵누들 마라탕 용기 71.3G,https://www.otokimall.com/front/product/3582
97,10001,굴진짬뽕 용기 110G,https://www.otokimall.com/front/product/554
98,10001,해물짬뽕,https://www.otokimall.com/front/product/522
99,10001,컵누들 김치쌀국수 컵,https://www.otokimall.com/front/product/607
100,10001,진짬뽕 컵 75G,https://www.otokimall.com/front/product/580
101,10001,진라면 순한맛,https://www.otokimall.com/front/product/497
102,10001,쇠고기라면스프 285G,https://www.otokimall.com/front/product/629
103,10001,컵누들 얼큰쌀국수 컵,https://www.otokimall.com/front/product/605
104,10001,컵누들 짬뽕맛 컵,https://www.otokimall.com/front/product/4127
105,10001,짜슐랭 2개 + 크림진짬뽕,https://www.otokimall.com/front/product/2384
106,10001,부대찌개라면,https://www.otokimall.com/front/product/508
107,10001,보들보들 치즈볶음면 매운맛 용기 100G,https://www.otokimall.com/front/product/4377
108,10001,쇠고기미역국라면 용기 100G,https://www.otokimall.com/front/product/556
109,10001,짜슐랭 2개 + 스파게티,https://www.otokimall.com/front/product/2383
110,10001,쇠고기미역국라면 컵 60G,https://www.otokimall.com/front/product/582
111,10001,리얼치즈라면,https://www.otokimall.com/front/product/510
112,10001,팥칼국수,https://www.otokimall.com/front/product/517
113,10001,순후추라면매운맛 용기 105G,https://www.otokimall.com/front/product/568
114,10001,육개장 용기 110G,https://www.otokimall.com/front/product/540
115,10001,콕콕콕 치즈게티 용기 125G,https://www.otokimall.com/front/product/3328
116,10001,옛날 매콤잡채 봉지,https://www.otokimall.com/front/product/3463
117,10001,매콤소스에 찍어먹는 츠케멘 147G,https://www.otokimall.com/front/product/3419
118,10001,헬로베지 채황,https://www.otokimall.com/front/product/514
119,10001,육개장 컵 104G,https://www.otokimall.com/front/product/2542
120,10001,북엇국라면,https://www.otokimall.com/front/product/515
121,10001,쇠고기미역국라면 컵,https://www.otokimall.com/front/product/585
122,10001,컵누들 짜장맛 컵,https://www.otokimall.com/front/product/614
123,10001,짜슐랭,https://www.otokimall.com/front/product/2381
124,10001,컵누들 6입 12종 골라담기,https://www.otokimall.com/front/product/4166
125,10001,열튀김우동 100G/열라면 용기 105G/튀김우동 용기 110G,https://www.otokimall.com/front/product/3179
126,10001,컵누들 우동맛 컵 38.1G,https://www.otokimall.com/front/product/2403
127,10001,마열라면 2개+열라면,https://www.otokimall.com/front/product/2593
128,10001,WOW 새우진짬뽕 컵,https://www.otokimall.com/front/product/4563
129,10001,컵누들 팟타이쌀국수 컵,https://www.otokimall.com/front/product/2681
130,10001,컵누들 톰얌꿍쌀국수 컵,https://www.otokimall.com/front/product/2682
131,10001,컵누들 매찜로마,https://www.otokimall.com/front/product/2680
132,10001,진쫄면,https://www.otokimall.com/front/product/4380
133,10001,컵누들 마라탕 컵 44.7G,https://www.otokimall.com/front/product/2659
134,10001,마열라면 컵,https://www.otokimall.com/front/product/2738
135,10001,콕콕콕 컵라면 4종 골라담기,https://www.otokimall.com/front/product/3985
136,10001,함흥비빔면,https://www.otokimall.com/front/product/4436
137,10001,WOW 고기열라면 컵,https://www.otokimall.com/front/product/4564
138,10001,빅컵누들 매콤한맛 용기 61G,https://www.otokimall.com/front/product/2405
139,10001,마열라면 용기 105G,https://www.otokimall.com/front/product/2856
140,10001,진라면 순한맛/매운맛 컵라면 골라담기,https://www.otokimall.com/front/product/4491
141,10001,육개장 컵 104G,https://www.otokimall.com/front/product/4187
142,10001,진라면 매운맛 용기 110G,https://www.otokimall.com/front/product/3196
143,10001,참깨라면볶음면 용기 110G,https://www.otokimall.com/front/product/3214
144,10001,보들보들 치즈볶음면 매운맛,https://www.otokimall.com/front/product/3626
145,10001,컵라면 용기 열라면/마열라면/열튀김우동/열광라볶이,https://www.otokimall.com/front/product/4167
146,10001,진비빔면 용기 134G,https://www.otokimall.com/front/product/3171
147,10001,라면의 맵쏘디,https://www.otokimall.com/front/product/4479
148,10001,진라면 순한맛 용기 110G,https://www.otokimall.com/front/product/3195
149,10001,빅컵누들 우동맛 용기 61.5G,https://www.otokimall.com/front/product/2406
150,10001,컵누들 매콤찜닭맛 컵 45.5G,https://www.otokimall.com/front/product/2404
151,10001,진라면/참깨라면/짜슐랭/진비빔면 골라담기,https://www.otokimall.com/front/product/4417
152,10001,짜슐랭/짜슐랭 용기 125G,https://www.otokimall.com/front/product/4192
153,10001,빅컵누들 용기 마라탕/매콤한맛/우동맛,https://www.otokimall.com/front/product/3791
154,10001,가뿐한끼 곤누들 비빔국수 192G,https://www.otokimall.com/front/product/3182
155,10001,열라면 용기 105G,https://www.otokimall.com/front/product/3197
156,10001,컵누들 매콤한맛 컵 37.8G,https://www.otokimall.com/front/product/3272
157,10001,컵누들 참깨라면 컵,https://www.otokimall.com/front/product/4143
158,10001,진라면 순한맛/매운맛 골라담기,https://www.otokimall.com/front/product/4130
159,10001,진라면/진비빔면/열라면/육개장컵,https://www.otokimall.com/front/product/4300
160,10001,열라면,https://www.otokimall.com/front/product/3240
161,10001,콕콕콕 컵라면 4종 골라담기,https://www.otokimall.com/front/product/4569
162,10001,진짬뽕 용기 115G,https://www.otokimall.com/front/product/4603
163,10001,컵누들 우동맛 컵 38.1G,https://www.otokimall.com/front/product/3292
164,10001,진라면 매운맛,https://www.otokimall.com/front/product/3926
165,10001,컵누들 잔치쌀국수 컵 34.2G,https://www.otokimall.com/front/product/4007
166,10001,진비빔면 /진비빔면 용기 134G,https://www.otokimall.com/front/product/4484
167,10001,라면의 맵쏘디,https://www.otokimall.com/front/product/4480
168,10001,라면의 맵쏘디,https://www.otokimall.com/front/product/4520
169,10001,진비빔면 /진비빔면 용기 134G,https://www.otokimall.com/front/product/4580
170,10001,가뿐한끼 현미밥 150G,https://www.otokimall.com/front/product/706
171,10001,컵밥 톡톡김치알밥 227G,https://www.otokimall.com/front/product/720
172,10001,오뚜기밥 200G,https://www.otokimall.com/front/product/3043
173,10001,컵밥 진한쇠고기미역국밥 314G,https://www.otokimall.com/front/product/727
174,10001,옛날 구수한누룽지 60G,https://www.otokimall.com/front/product/824
175,10001,컵밥 차돌강된장보리밥 315G,https://www.otokimall.com/front/product/721
176,10001,컵밥 참치마요덮밥 252G,https://www.otokimall.com/front/product/724
177,10001,컵밥 김치참치덮밥 315G,https://www.otokimall.com/front/product/712
178,10001,컵밥 전주식돌솥비빔밥 270G,https://www.otokimall.com/front/product/722
179,10001,컵밥 제육덮밥 315G,https://www.otokimall.com/front/product/713
180,10001,컵밥 뚝배기불고기밥 320G,https://www.otokimall.com/front/product/719
181,10001,오뚜기밥 200G,https://www.otokimall.com/front/product/2360
182,10001,오뚜기밥 작은밥,https://www.otokimall.com/front/product/685
183,10001,옛날 구수한누룽지 30G,https://www.otokimall.com/front/product/823
184,10001,컵밥 진짬뽕밥 217.5G,https://www.otokimall.com/front/product/718
185,10001,컵밥 황태콩나물해장국밥 301.5G,https://www.otokimall.com/front/product/728
186,10001,컵밥 햄버그덮밥 315G,https://www.otokimall.com/front/product/717
187,10001,가뿐한끼 100% 현미로 지은 부드러운 현미밥 130G,https://www.otokimall.com/front/product/4140
188,10001,컵밥 춘천닭갈비덮밥 315G,https://www.otokimall.com/front/product/715
189,10001,컵밥 오삼불고기덮밥 315G,https://www.otokimall.com/front/product/714
190,10001,컵밥 매콤낙지덮밥 285G,https://www.otokimall.com/front/product/716
191,10001,오뚜기밥,https://www.otokimall.com/front/product/687
192,10001,컵밥 원조맛집김치찌개밥 310G,https://www.otokimall.com/front/product/723
193,10001,컵밥 서울식설렁탕국밥 311G,https://www.otokimall.com/front/product/726
194,10001,컵밥 불닭마요덮밥 282G,https://www.otokimall.com/front/product/725
195,10001,단호박죽 285G,https://www.otokimall.com/front/product/795
196,10001,컵밥 참기름김치볶음밥 264G,https://www.otokimall.com/front/product/2097
197,10001,옛날 구수한 끓여먹는 누룽지 국산 3KG,https://www.otokimall.com/front/product/832
198,10001,오뚜기밥 큰밥,https://www.otokimall.com/front/product/691
199,10001,전복죽 285G,https://www.otokimall.com/front/product/789
200,10001,식이섬유플러스 현미밥 150G,https://www.otokimall.com/front/product/2995
201,10001,오뚜기밥 수향미 현미밥 210G,https://www.otokimall.com/front/product/3894
202,10001,옛날 야채죽 85G,https://www.otokimall.com/front/product/71
203,10001,옛날 쇠고기죽 85G,https://www.otokimall.com/front/product/69
204,10001,컵밥 오뚜기카레 325G,https://www.otokimall.com/front/product/2099
205,10001,새송이쇠고기죽 285G,https://www.otokimall.com/front/product/790
206,10001,가뿐한끼 현미밥 150G,https://www.otokimall.com/front/product/3044
207,10001,오뚜기밥 작은밥 130G,https://www.otokimall.com/front/product/3042
208,10001,맛있는 참치김치치즈볶음밥 230G,https://www.otokimall.com/front/product/886
209,10001,오뚜기밥 고시히카리,https://www.otokimall.com/front/product/2373
210,10001,컵밥 수원식갈비탕밥 311G,https://www.otokimall.com/front/product/2214
211,10001,통단팥죽 285G,https://www.otokimall.com/front/product/796
212,10001,오즈키친 영양닭죽 450G,https://www.otokimall.com/front/product/799
213,10001,밥친구 불고기 36.3G,https://www.otokimall.com/front/product/103
214,10001,밥친구 야채 36.3G,https://www.otokimall.com/front/product/104
215,10001,오즈키친 동지팥죽 450G,https://www.otokimall.com/front/product/803
216,10001,오즈키친 단호박죽 450G,https://www.otokimall.com/front/product/802
217,10001,영양닭죽 285G,https://www.otokimall.com/front/product/791
218,10001,오뚜기밥 발아현미,https://www.otokimall.com/front/product/694
219,10001,오뚜기밥 오곡,https://www.otokimall.com/front/product/700
220,10001,씻어나온오뚜기쌀명품 10KG,https://www.otokimall.com/front/product/1042
221,10001,맛있는 새우볶음밥 225g,https://www.otokimall.com/front/product/3167
222,10001,맛있는 새우볶음밥 230G,https://www.otokimall.com/front/product/882
223,10001,오뚜기밥 200G,https://www.otokimall.com/front/product/3271
224,10001,진라면볶음밥 230G,https://www.otokimall.com/front/product/916
225,10001,밥친구 김자반 33.3G,https://www.otokimall.com/front/product/105
226,10001,컵밥 치킨마요덮밥 281.5G,https://www.otokimall.com/front/product/3327
227,10001,계란야채죽 285G,https://www.otokimall.com/front/product/793
228,10001,옛날 구수한 끓여먹는 누룽지 900G,https://www.otokimall.com/front/product/3077
229,10001,옛날 잣죽 80G,https://www.otokimall.com/front/product/70
230,10001,오즈키친 소불고기주먹밥 500G,https://www.otokimall.com/front/product/910
231,10001,오뚜기밥 큰밥 300G,https://www.otokimall.com/front/product/2547
232,10001,오뚜기밥 발아흑미,https://www.otokimall.com/front/product/696
233,10001,오즈키친 철판감자탕볶음밥 450G,https://www.otokimall.com/front/product/887
234,10001,맛있는 베이컨김치볶음밥 225g,https://www.otokimall.com/front/product/3170
235,10001,옛날 검은깨죽 80G,https://www.otokimall.com/front/product/72
236,10001,간편죽 8종 골라담기,https://www.otokimall.com/front/product/2977
237,10001,오즈키친 전복죽 450G,https://www.otokimall.com/front/product/798
238,10001,오즈키친 게살크래미주먹밥 500G,https://www.otokimall.com/front/product/911
239,10001,오뚜기밥 오곡,https://www.otokimall.com/front/product/3047
240,10001,오뚜기밥 식감만족 부드러운현미잡곡밥,https://www.otokimall.com/front/product/2725
241,10001,오뚜기밥 식감만족 부드러운현미잡곡밥,https://www.otokimall.com/front/product/2410
242,10001,오즈키친 햄치즈무스비 500G,https://www.otokimall.com/front/product/909
243,10001,오즈키친 쇠고기죽 450g,https://www.otokimall.com/front/product/2091
244,10001,컵밥 마라탕밥 302G,https://www.otokimall.com/front/product/3802
245,10001,오뚜기밥 찰현미,https://www.otokimall.com/front/product/698
246,10001,오뚜기밥 발아현미,https://www.otokimall.com/front/product/3045
247,10001,고시히카리쌀죽 285G,https://www.otokimall.com/front/product/794
248,10001,가뿐한끼 현미밥 150G,https://www.otokimall.com/front/product/3719
249,10001,오즈키친 울릉도호박죽 420G,https://www.otokimall.com/front/product/3982
250,10001,오뚜기밥 식감만족 찰진흑미잡곡밥,https://www.otokimall.com/front/product/2409
251,10001,오즈키친 철판낙지볶음밥 450G,https://www.otokimall.com/front/product/888
252,10001,컵밥 얼큰 순후추 돼지국밥 311.5G,https://www.otokimall.com/front/product/3326
253,10001,맛있는 베이컨김치볶음밥 450G,https://www.otokimall.com/front/product/2447
254,10001,컵밥 옛날잡채덮밥 241.5G,https://www.otokimall.com/front/product/2671
255,10001,오즈키친 철판알밥 450G,https://www.otokimall.com/front/product/912
256,10001,가뿐한끼 새우계란곤약볶음밥 400G,https://www.otokimall.com/front/product/2495
257,10001,맛있는 쇠고기볶음밥 225g,https://www.otokimall.com/front/product/3168
258,10001,오즈키친 버섯불고기죽 450G,https://www.otokimall.com/front/product/804
259,10001,맛있는 계란볶음밥 225g,https://www.otokimall.com/front/product/3169
260,10001,오즈키친 송이버섯죽 450G,https://www.otokimall.com/front/product/800
261,10001,맛있는 계란볶음밥 450G,https://www.otokimall.com/front/product/2446
262,10001,참치죽 285G,https://www.otokimall.com/front/product/792
263,10001,오즈키친 샤브계란죽 450g,https://www.otokimall.com/front/product/2090
264,10001,오뚜기밥 찰현미,https://www.otokimall.com/front/product/2550
265,10001,오뚜기밥 식감만족 찰진흑미잡곡밥,https://www.otokimall.com/front/product/2900
266,10001,맛있는 쇠고기볶음밥 원팩 450G,https://www.otokimall.com/front/product/2317
267,10001,오즈키친 트러플전복죽 450G,https://www.otokimall.com/front/product/801
268,10001,오뚜기밥 발아흑미,https://www.otokimall.com/front/product/3046
269,10001,오즈키친 김치치즈주먹밥 500G,https://www.otokimall.com/front/product/4059
270,10001,로이앤메이 스페셜중화볶음밥 450G,https://www.otokimall.com/front/product/3921
271,10001,오즈키친 참치마요주먹밥 500G,https://www.otokimall.com/front/product/4057
272,10001,오뚜기밥 식감만족 고슬고슬된밥,https://www.otokimall.com/front/product/2412
273,10001,컵밥 고추참치마요덮밥 285.5G,https://www.otokimall.com/front/product/2750
274,10001,오뚜기밥 식감만족 찰기가득진밥,https://www.otokimall.com/front/product/2411
275,10001,맛있는 베이컨치즈볶음밥 450G,https://www.otokimall.com/front/product/883
276,10001,컵밥 특양지설렁탕밥 320.5G,https://www.otokimall.com/front/product/3915
277,10001,오뚜기밥 식감만족 찰기가득진밥,https://www.otokimall.com/front/product/2722
278,10001,오뚜기밥 식감만족 찰진흑미잡곡밥,https://www.otokimall.com/front/product/2556
279,10001,식이섬유플러스 현미밥 150G,https://www.otokimall.com/front/product/3406
280,10001,컵밥 숙성돼지고기 김치찌개밥 310G,https://www.otokimall.com/front/product/3914
281,10001,맛있는 볶음밥 4종 골라담기,https://www.otokimall.com/front/product/3201
282,10001,오뚜기밥 식감만족 고슬고슬된밥,https://www.otokimall.com/front/product/2723
283,10001,가뿐한끼 현미밥 150G,https://www.otokimall.com/front/product/4164
284,10001,오즈키친 전주비빔주먹밥 500G,https://www.otokimall.com/front/product/4058
285,10001,오뚜기밥 고시히카리,https://www.otokimall.com/front/product/3009
286,10001,가뿐한끼 100% 현미로 지은 부드러운 현미밥 130G,https://www.otokimall.com/front/product/4165
287,10001,오뚜기밥 수향미 현미밥 210G,https://www.otokimall.com/front/product/3924
288,10001,오뚜기밥 식감만족 부드러운현미잡곡밥,https://www.otokimall.com/front/product/2557
289,10001,오뚜기밥 컬러박스,https://www.otokimall.com/front/product/4399
290,10001,식이섬유플러스 현미밥 150G,https://www.otokimall.com/front/product/3320
291,10001,식이섬유플러스 현미밥 150G,https://www.otokimall.com/front/product/3004
292,10001,컵밥 간편국 에디션 톡톡김치알밥/차돌강된장보리밥,https://www.otokimall.com/front/product/3872
293,10001,오즈키친 철판닭갈비볶음밥 450G,https://www.otokimall.com/front/product/4481
294,10001,마라볶음밥 용기 230G,https://www.otokimall.com/front/product/4191
295,10001,컵밥 숙성돼지고기 김치찌개밥/특양지설렁탕밥,https://www.otokimall.com/front/product/3916
296,10001,오즈키친 주먹밥 3종 골라담기,https://www.otokimall.com/front/product/4062
297,10001,오뚜기밥 식감만족 찰기가득진밥,https://www.otokimall.com/front/product/2553
298,10001,오뚜기밥 식감만족 고슬고슬된밥,https://www.otokimall.com/front/product/2555
299,10001,오뚜기밥 수향미 현미밥 210G,https://www.otokimall.com/front/product/4162
300,10001,맛있는 새우볶음밥 450G,https://www.otokimall.com/front/product/4416
301,10001,맛있는 볶음밥 2종 골라담기,https://www.otokimall.com/front/product/2863
302,10001,오뚜기밥 고시히카리 210G,https://www.otokimall.com/front/product/4403
303,10001,오뚜기밥 작은밥 150G,https://www.otokimall.com/front/product/4397
304,10001,실쏙 옛날 구수한누룽지,https://www.otokimall.com/front/product/4570
305,10001,든든쌀밥,https://www.otokimall.com/front/product/4478
306,10001,오뚜기밥 작은밥,https://www.otokimall.com/front/product/4152
307,10001,오즈키친 단호박죽 450G,https://www.otokimall.com/front/product/2630
308,10001,오즈키친 진짬뽕죽 450G,https://www.otokimall.com/front/product/4412
309,10001,오뚜기밥,https://www.otokimall.com/front/product/4150
310,10001,오뚜기밥 고시히카리,https://www.otokimall.com/front/product/4157
311,10001,오뚜기밥 오곡,https://www.otokimall.com/front/product/4153
312,10001,오뚜기밥 큰밥 300G,https://www.otokimall.com/front/product/4398
313,10001,오즈키친 전복죽 450G,https://www.otokimall.com/front/product/2626
314,10001,오뚜기밥 오곡 210G,https://www.otokimall.com/front/product/4402
315,10001,오뚜기밥 큰밥,https://www.otokimall.com/front/product/4151
316,10001,오뚜기밥 발아현미 210G,https://www.otokimall.com/front/product/4400
317,10001,오뚜기밥 찰현미,https://www.otokimall.com/front/product/4154
318,10001,오뚜기밥 식감만족 부드러운현미잡곡밥 210G,https://www.otokimall.com/front/product/4407
319,10001,오즈키친 영양닭죽 450G,https://www.otokimall.com/front/product/2627
320,10001,오뚜기밥 식감만족 고슬고슬된밥 210G,https://www.otokimall.com/front/product/4406
321,10001,오뚜기밥 발아흑미 210G,https://www.otokimall.com/front/product/4404
322,10001,오뚜기밥 찰현미 210G,https://www.otokimall.com/front/product/4401
323,10001,식이섬유플러스 현미밥 150G,https://www.otokimall.com/front/product/4163
324,10001,오뚜기밥 식감만족 찰진흑미잡곡밥,https://www.otokimall.com/front/product/4161
325,10001,오뚜기밥 식감만족 부드러운현미잡곡밥,https://www.otokimall.com/front/product/4160
326,10001,오뚜기밥 발아현미,https://www.otokimall.com/front/product/4156
327,10001,오즈키친 동지팥죽 450G,https://www.otokimall.com/front/product/2631
328,10001,오뚜기밥 식감만족 찰기가득진밥 210G,https://www.otokimall.com/front/product/4405
329,10001,오즈키친 버섯불고기죽 450G,https://www.otokimall.com/front/product/2632
330,10001,오즈키친 트러플전복죽 450G,https://www.otokimall.com/front/product/2629
331,10001,오즈키친 샤브계란죽 450G,https://www.otokimall.com/front/product/2635
332,10001,오뚜기밥 식감만족 찰기가득진밥,https://www.otokimall.com/front/product/4159
333,10001,오뚜기밥 식감만족 고슬고슬된밥,https://www.otokimall.com/front/product/4158
334,10001,오즈키친 쇠고기죽 450G,https://www.otokimall.com/front/product/2634
335,10001,오뚜기밥 발아흑미,https://www.otokimall.com/front/product/4155
336,10001,오즈키친 송이버섯죽 450G,https://www.otokimall.com/front/product/2628
337,10001,3분카레 약간매운맛 200G,https://www.otokimall.com/front/product/633
338,10001,3분카레 매운맛 200G,https://www.otokimall.com/front/product/634
339,10001,3분미트볼 150G,https://www.otokimall.com/front/product/652
340,10001,3분햄버그스테이크 140G,https://www.otokimall.com/front/product/651
341,10001,3분쇠고기짜장 200G,https://www.otokimall.com/front/product/645
342,10001,3분카레 순한맛 200G,https://www.otokimall.com/front/product/632
343,10001,3분김치참치덮밥소스 150G,https://www.otokimall.com/front/product/660
344,10001,3분쇠고기카레 200G,https://www.otokimall.com/front/product/631
345,10001,칼칼한돼지고기김치찜 180G,https://www.otokimall.com/front/product/683
346,10001,제주담음 제주흑돼지카레 250G,https://www.otokimall.com/front/product/671
347,10001,한입쏙쏙미트볼 180G,https://www.otokimall.com/front/product/679
348,10001,3분하이라이스소스 200G,https://www.otokimall.com/front/product/644
349,10001,3분쇠고기간짜장 200G,https://www.otokimall.com/front/product/647
350,10001,가뿐한끼 매콤닭가슴살카레 130G,https://www.otokimall.com/front/product/3408
351,10001,오뚜기카레 약간매운맛 100G,https://www.otokimall.com/front/product/2
352,10001,백세카레 약간매운맛 100G,https://www.otokimall.com/front/product/10
353,10001,3분제육덮밥소스 150G,https://www.otokimall.com/front/product/662
354,10001,3분사천짜장 200G,https://www.otokimall.com/front/product/648
355,10001,오뚜기카레 순한맛 100G,https://www.otokimall.com/front/product/1
356,10001,3분춘천닭갈비덮밥소스 150G,https://www.otokimall.com/front/product/663
357,10001,오즈키친 크랩푸팟퐁 180G,https://www.otokimall.com/front/product/677
358,10001,오뚜기카레 매운맛 100G,https://www.otokimall.com/front/product/3
359,10001,오즈키친 치킨마살라 180G,https://www.otokimall.com/front/product/676
360,10001,3분짜장 200G,https://www.otokimall.com/front/product/646
361,10001,오즈키친 치킨마크니 180G,https://www.otokimall.com/front/product/675
362,10001,3분낙지덮밥소스 150G,https://www.otokimall.com/front/product/661
363,10001,3일숙성카레 고형 약간매운맛 200G,https://www.otokimall.com/front/product/31
364,10001,오뚜기짜장 100G,https://www.otokimall.com/front/product/39
365,10001,백세카레3분 약간매운맛 200G,https://www.otokimall.com/front/product/636
366,10001,백세카레 순한맛 100G,https://www.otokimall.com/front/product/9
367,10001,쇠카쇠짜 2.4KG,https://www.otokimall.com/front/product/678
368,10001,3일숙성카레3분 약간매운맛 200G,https://www.otokimall.com/front/product/639
369,10001,오즈키친 포크빈달루 180G,https://www.otokimall.com/front/product/2670
370,10001,제주담음 제주흑돼지마농짜장 250G,https://www.otokimall.com/front/product/3505
371,10001,3분렌틸콩카레 200G,https://www.otokimall.com/front/product/643
372,10001,3분스위트칠리치킨 150G,https://www.otokimall.com/front/product/655
373,10001,오즈키친 포크키마 160G,https://www.otokimall.com/front/product/2669
374,10001,가뿐한끼 닭가슴살 짜장 130G,https://www.otokimall.com/front/product/3248
375,10001,백세카레 매운맛 100G,https://www.otokimall.com/front/product/11
376,10001,3분데리야끼치킨 150G,https://www.otokimall.com/front/product/653
377,10001,3분탕수완자 150G,https://www.otokimall.com/front/product/656
378,10001,3분바베큐치킨 150G,https://www.otokimall.com/front/product/654
379,10001,3일숙성카레 고형 순한맛 200G,https://www.otokimall.com/front/product/30
380,10001,오즈키친 비프코르마 180G,https://www.otokimall.com/front/product/674
381,10001,크래프트 카레 200G,https://www.otokimall.com/front/product/664
382,10001,백세카레3분 매운맛 200G,https://www.otokimall.com/front/product/637
383,10001,그대로카레 약간매운맛 200G,https://www.otokimall.com/front/product/641
384,10001,바몬드카레골드 약간매운맛 100G,https://www.otokimall.com/front/product/7
385,10001,3일숙성카레3분 순한맛 200G,https://www.otokimall.com/front/product/638
386,10001,백세카레 고형 약간매운맛 200G,https://www.otokimall.com/front/product/26
387,10001,직접볶은 트러플간짜장 고형 106G,https://www.otokimall.com/front/product/2354
388,10001,크래프트 짜장 200G,https://www.otokimall.com/front/product/665
389,10001,오즈키친 고추마파두부 180G,https://www.otokimall.com/front/product/3793
390,10001,직접볶은간짜장 고형 212G,https://www.otokimall.com/front/product/44
391,10001,오즈키친 직화고추짜장 180G,https://www.otokimall.com/front/product/3792
392,10001,지중해산 토마토 카레 고형 200G,https://www.otokimall.com/front/product/2204
393,10001,가뿐한끼 닭가슴살 짜장 130G,https://www.otokimall.com/front/product/667
394,10001,비밀카레 약간매운맛 100G,https://www.otokimall.com/front/product/3629
395,10001,3분 레트로카레 약간매운맛 200G,https://www.otokimall.com/front/product/2909
396,10001,헬로베지 채소가득짜장 200G,https://www.otokimall.com/front/product/673
397,10001,직접볶은간짜장 고형 106G,https://www.otokimall.com/front/product/43
398,10001,프리미엄바몬드카레 고형 약간매운맛 200G,https://www.otokimall.com/front/product/20
399,10001,그대로카레 매운맛 200G,https://www.otokimall.com/front/product/642
400,10001,백세카레3분 순한맛 200G,https://www.otokimall.com/front/product/635
401,10001,하이라이스소스 100G,https://www.otokimall.com/front/product/46
402,10001,그대로카레 순한맛 200G,https://www.otokimall.com/front/product/640
403,10001,헬로베지 채소가득카레 200G,https://www.otokimall.com/front/product/672
404,10001,그대로짜장 200G,https://www.otokimall.com/front/product/649
405,10001,간장돼지갈비찜 180G,https://www.otokimall.com/front/product/4428
406,10001,백세카레 고형 순한맛 200G,https://www.otokimall.com/front/product/25
407,10001,순살고등어김치찜 180G,https://www.otokimall.com/front/product/4427
408,10001,3분렌틸콩짜장 200G,https://www.otokimall.com/front/product/650
409,10001,3분 레트로짜장 200G,https://www.otokimall.com/front/product/2908
410,10001,바몬드카레골드 매운맛 100G,https://www.otokimall.com/front/product/8
411,10001,백세카레 고형 매운맛 200G,https://www.otokimall.com/front/product/27
412,10001,어린이카레 80G,https://www.otokimall.com/front/product/32
413,10001,오즈키친 고추마라상궈 180G,https://www.otokimall.com/front/product/3794
414,10001,지중해산 토마토 하이라이스 고형 200G,https://www.otokimall.com/front/product/49
415,10001,바몬드카레골드 순한맛 100G,https://www.otokimall.com/front/product/6
416,10001,프리미엄바몬드카레 고형 순한맛 200G,https://www.otokimall.com/front/product/19
417,10001,골드브라운하이스 80G,https://www.otokimall.com/front/product/47
418,10001,육향가득 돼지고기 김치찜 400G,https://www.otokimall.com/front/product/3760
419,10001,프리미엄바몬드카레 고형 매운맛 200G,https://www.otokimall.com/front/product/21
420,10001,비밀카레 순한맛 100G,https://www.otokimall.com/front/product/3634
421,10001,3분미트볼 150G,https://www.otokimall.com/front/product/2579
422,10001,카레로 세계일주,https://www.otokimall.com/front/product/2679
423,10001,3일숙성카레 약간매운맛 80G,https://www.otokimall.com/front/product/15
424,10001,레드칠리미트볼 180G,https://www.otokimall.com/front/product/4425
425,10001,오뚜기사천짜장 100G,https://www.otokimall.com/front/product/41
426,10001,3분카레 약간매운맛 200G,https://www.otokimall.com/front/product/2561
427,10001,백세발효강황카레 순한맛 80G,https://www.otokimall.com/front/product/12
428,10001,3분카레 매운맛 200G,https://www.otokimall.com/front/product/2562
429,10001,가뿐한끼 매콤닭가슴살카레 130G,https://www.otokimall.com/front/product/3421
430,10001,백세카레 약간매운맛 1KG,https://www.otokimall.com/front/product/36
431,10001,3분햄버그스테이크 140G,https://www.otokimall.com/front/product/2578
432,10001,오뚜기카레 약간매운맛 1KG,https://www.otokimall.com/front/product/34
433,10001,3일숙성카레 순한맛 80G,https://www.otokimall.com/front/product/14
434,10001,3분쇠고기카레 200G,https://www.otokimall.com/front/product/2559
435,10001,오뚜기짜장 1KG,https://www.otokimall.com/front/product/45
436,10001,한입쏙쏙미트볼 180G,https://www.otokimall.com/front/product/2876
437,10001,3분쇠고기간짜장 200G,https://www.otokimall.com/front/product/2574
438,10001,비밀카레 100G 순한맛/약간매운맛,https://www.otokimall.com/front/product/3640
439,10001,3분하이라이스소스 200G,https://www.otokimall.com/front/product/2571
440,10001,백세발효강황카레 약간매운맛 80G,https://www.otokimall.com/front/product/13
441,10001,오즈키친 치킨마살라 180G,https://www.otokimall.com/front/product/2603
442,10001,3분렌틸콩카레 200G,https://www.otokimall.com/front/product/2570
443,10001,오즈키친 데미글라스미트볼 180g,https://www.otokimall.com/front/product/4587
444,10001,오즈키친 토마토미트볼 180g,https://www.otokimall.com/front/product/4585
445,10001,오뚜기카레 매운맛 1KG,https://www.otokimall.com/front/product/35
446,10001,오뚜기카레 순한맛 1KG,https://www.otokimall.com/front/product/33
447,10001,3분카레 순한맛 200G,https://www.otokimall.com/front/product/2560
448,10001,오뚜기삼선간짜장 100G,https://www.otokimall.com/front/product/42
449,10001,3분사천짜장 200G,https://www.otokimall.com/front/product/2575
450,10001,오즈키친 로제미트볼 180g,https://www.otokimall.com/front/product/4586
451,10001,오즈키친 크랩푸팟퐁 180G,https://www.otokimall.com/front/product/2604
452,10001,백세카레 순한맛 1KG,https://www.otokimall.com/front/product/37
453,10001,3분쇠고기짜장 200G,https://www.otokimall.com/front/product/2572
454,10001,그대로카레 약간매운맛 200G,https://www.otokimall.com/front/product/2568
455,10001,하이라이스소스 1KG,https://www.otokimall.com/front/product/50
456,10001,그대로카레 매운맛 200G,https://www.otokimall.com/front/product/2569
457,10001,오즈키친 치킨마크니 180G,https://www.otokimall.com/front/product/2602
458,10001,가뿐한끼 닭가슴살 짜장 130G,https://www.otokimall.com/front/product/3181
459,10001,3분렌틸콩짜장 200G,https://www.otokimall.com/front/product/2577
460,10001,백세카레3분 약간매운맛 200G,https://www.otokimall.com/front/product/2565
461,10001,오즈키친 비프코르마 180G,https://www.otokimall.com/front/product/2601
462,10001,크래프트 카레 200G,https://www.otokimall.com/front/product/2580
463,10001,3분짜장 200G,https://www.otokimall.com/front/product/2573
464,10001,그대로카레 순한맛 200G,https://www.otokimall.com/front/product/2567
465,10001,크래프트 짜장 200G,https://www.otokimall.com/front/product/2581
466,10001,그대로짜장 200G,https://www.otokimall.com/front/product/2576
467,10001,백세카레3분 매운맛 200G,https://www.otokimall.com/front/product/2566
468,10001,3분 레트로카레 약간매운맛 200G,https://www.otokimall.com/front/product/2911
469,10001,백세카레3분 순한맛 200G,https://www.otokimall.com/front/product/2564
470,10001,3분 레트로짜장 200G,https://www.otokimall.com/front/product/2910
471,10001,화이트식초 1.8L,https://www.otokimall.com/front/product/2378
472,10001,토마토케챂 300G,https://www.otokimall.com/front/product/129
473,10001,골드마요네스 300G,https://www.otokimall.com/front/product/112
474,10001,프레스코스파게티소스 미트 600G,https://www.otokimall.com/front/product/178
475,10001,이금기 팬더굴소스 510G,https://www.otokimall.com/front/product/281
476,10001,프레스코스파게티소스 토마토 600G,https://www.otokimall.com/front/product/176
477,10001,화이트식초 1.8L,https://www.otokimall.com/front/product/339
478,10001,LIGHT&JOY 1/2하프마요네스 315G,https://www.otokimall.com/front/product/116
479,10001,양조식초 1.8L,https://www.otokimall.com/front/product/327
480,10001,순후추 100G,https://www.otokimall.com/front/product/418
481,10001,스리라차와 마요네스가 만난 매코매요 210G,https://www.otokimall.com/front/product/2699
482,10001,허니머스타드소스 265G,https://www.otokimall.com/front/product/149
483,10001,골드마요네스 800G,https://www.otokimall.com/front/product/114
484,10001,LIGHT&JOY 저당 케챂 290G,https://www.otokimall.com/front/product/2743
485,10001,8년숙성흑초 600ML,https://www.otokimall.com/front/product/345
486,10001,순후추 45G,https://www.otokimall.com/front/product/416
487,10001,토마토케챂 800G,https://www.otokimall.com/front/product/132
488,10001,마시는사과초 1.8L,https://www.otokimall.com/front/product/371
489,10001,생와사비 43G,https://www.otokimall.com/front/product/402
490,10001,프레스코파스타소스 까르보나라 360G,https://www.otokimall.com/front/product/182
491,10001,오늘밥상 진한멸치육수로맛을낸떡볶이소스 180G,https://www.otokimall.com/front/product/264
492,10001,삼겹살 양파절임소스 330g,https://www.otokimall.com/front/product/2128
493,10001,타바스코 핫소스 150ML,https://www.otokimall.com/front/product/319
494,10001,프레스코파스타소스 알리오올리오 380G,https://www.otokimall.com/front/product/184
495,10001,이금기 훠궈마라탕소스 70G,https://www.otokimall.com/front/product/298
496,10001,애플사이다비니거 345ML,https://www.otokimall.com/front/product/2590
497,10001,양념치킨소스 490G,https://www.otokimall.com/front/product/250
498,10001,LIGHT&JOY 1/2하프케찹 475G,https://www.otokimall.com/front/product/141
499,10001,이금기 프리미엄굴소스 510G,https://www.otokimall.com/front/product/278
500,10001,양조식초 1.8L,https://www.otokimall.com/front/product/2726
501,10001,미향 발효맛술 900ML,https://www.otokimall.com/front/product/369
502,10001,타바스코 스리라차 300G,https://www.otokimall.com/front/product/321
503,10001,옛날 물엿 700G,https://www.otokimall.com/front/product/1121
504,10001,직접갈아먹는 통후추 35G,https://www.otokimall.com/front/product/420
505,10001,튀만전찍먹소스 320G,https://www.otokimall.com/front/product/2239
506,10001,갈릭마요딥핑소스 240G,https://www.otokimall.com/front/product/158
507,10001,경양식돈까스소스 455G,https://www.otokimall.com/front/product/243
508,10001,마라장 산초&고추 200G,https://www.otokimall.com/front/product/2877
509,10001,비빔장 500G,https://www.otokimall.com/front/product/192
510,10001,프레스코파스타소스 명란오일 380G,https://www.otokimall.com/front/product/186
511,10001,프레스코스파게티소스 마늘&양파 600G,https://www.otokimall.com/front/product/177
512,10001,이금기 농축치킨스톡 272G,https://www.otokimall.com/front/product/284
513,10001,겨자분 200G,https://www.otokimall.com/front/product/413
514,10001,오늘밥상 바지락새우순두부찌개양념 90G,https://www.otokimall.com/front/product/214
515,10001,2배양조식초 1.8L,https://www.otokimall.com/front/product/353
516,10001,연겨자 35G,https://www.otokimall.com/front/product/409
517,10001,프레스코스파게티소스 로제 600G,https://www.otokimall.com/front/product/179
518,10001,삼겹살 제주식멜젓소스 325g,https://www.otokimall.com/front/product/2129
519,10001,양조식초 900ML,https://www.otokimall.com/front/product/325
520,10001,허브맛솔트로즈마리&오레가노 55G,https://www.otokimall.com/front/product/431
521,10001,매실청 660G,https://www.otokimall.com/front/product/1133
522,10001,초고추장 500G,https://www.otokimall.com/front/product/438
523,10001,스위트칠리소스 350g,https://www.otokimall.com/front/product/2124
524,10001,마라장 양파&산초 200G,https://www.otokimall.com/front/product/2878
525,10001,옛날 쌀엿 700G,https://www.otokimall.com/front/product/1124
526,10001,LIGHT&JOY 1/2하프케찹 280G,https://www.otokimall.com/front/product/140
527,10001,프레스코 스파게티소스 베이컨로제 600G,https://www.otokimall.com/front/product/2211
528,10001,2배사과식초 900ML,https://www.otokimall.com/front/product/357
529,10001,프레스코파스타소스 트러플크림 360G,https://www.otokimall.com/front/product/183
530,10001,프레스코 스파게티소스 아라비아따 600G,https://www.otokimall.com/front/product/2212
531,10001,올리고당 1.2KG,https://www.otokimall.com/front/product/1136
532,10001,오늘밥상 차돌된장찌개양념 130G,https://www.otokimall.com/front/product/215
533,10001,오늘밥상 정통사천식마파두부양념 130G,https://www.otokimall.com/front/product/218
534,10001,고소후 간편양념 59G,https://www.otokimall.com/front/product/436
535,10001,이금기 치킨파우더 273G,https://www.otokimall.com/front/product/283
536,10001,이금기 프리미엄노추 500ML,https://www.otokimall.com/front/product/313
537,10001,2배사과식초 1.8L,https://www.otokimall.com/front/product/359
538,10001,옛날 물엿 2.45KG,https://www.otokimall.com/front/product/1123
539,10001,미향 발효맛술 1.8L,https://www.otokimall.com/front/product/370
540,10001,오늘밥상 고등어갈치조림양념 120G,https://www.otokimall.com/front/product/210
541,10001,사과식초 900ML,https://www.otokimall.com/front/product/334
542,10001,타바스코 스콜피온소스 60ML,https://www.otokimall.com/front/product/3101
543,10001,마라장 2종 골라담기,https://www.otokimall.com/front/product/2879
544,10001,요리올리고당 1.2KG,https://www.otokimall.com/front/product/1138
545,10001,맛있는피자소스 175G,https://www.otokimall.com/front/product/263
546,10001,오늘밥상 제육볶음양념 150G,https://www.otokimall.com/front/product/225
547,10001,홀그레인머스타드 280G,https://www.otokimall.com/front/product/153
548,10001,LIGHT&JOY 저당 허니머스타드 265G,https://www.otokimall.com/front/product/3425
549,10001,이금기 중화두반장 368G,https://www.otokimall.com/front/product/286
550,10001,참깨돈까스소스 470G,https://www.otokimall.com/front/product/242
551,10001,사과식초 1.8L,https://www.otokimall.com/front/product/336
552,10001,갈비양념 480G,https://www.otokimall.com/front/product/229
553,10001,돈까스소스 470G,https://www.otokimall.com/front/product/240
554,10001,참깨드레싱 245G,https://www.otokimall.com/front/product/154
555,10001,프레스코 파스타소스 비프페퍼크림 370G,https://www.otokimall.com/front/product/2780
556,10001,직접갈아먹는 통후추 50G,https://www.otokimall.com/front/product/419
557,10001,LIGHT&JOY 저당 양념치킨소스 300G,https://www.otokimall.com/front/product/3466
558,10001,오늘밥상 진미채양념 100G,https://www.otokimall.com/front/product/269
559,10001,오늘밥상 닭볶음탕양념 160G,https://www.otokimall.com/front/product/212
560,10001,이금기 훠궈마라탕소스 2단계 70G,https://www.otokimall.com/front/product/3409
561,10001,연와사비 35G,https://www.otokimall.com/front/product/400
562,10001,오늘밥상 파채양념 90G,https://www.otokimall.com/front/product/267
563,10001,죽장연 빠개장 된장찌개양념 120G,https://www.otokimall.com/front/product/4315
564,10001,순후추크림 파스타소스 370G,https://www.otokimall.com/front/product/4009
565,10001,오늘밥상 겉절이양념 90G,https://www.otokimall.com/front/product/265
566,10001,순후추 150G,https://www.otokimall.com/front/product/425
567,10001,프레스코파스타소스 감바스 380G,https://www.otokimall.com/front/product/185
568,10001,오늘밥상 생깻잎무침양념 100G,https://www.otokimall.com/front/product/270
569,10001,오늘밥상 오징어낙지볶음양념 120G,https://www.otokimall.com/front/product/211
570,10001,타바스코 치포틀레 150ML,https://www.otokimall.com/front/product/320
571,10001,삼겹살 와사비 고추장소스 360g,https://www.otokimall.com/front/product/2131
572,10001,LIGHT&JOY 저당 돈까스소스 290G,https://www.otokimall.com/front/product/3465
573,10001,3배사과식초 1.8L,https://www.otokimall.com/front/product/363
574,10001,옛날 쌀엿 2.5KG,https://www.otokimall.com/front/product/1126
575,10001,오늘밥상 송탄식사골부대찌개양념 110G,https://www.otokimall.com/front/product/216
576,10001,오늘밥상 안동찜닭양념 180G,https://www.otokimall.com/front/product/213
577,10001,생강청 680G,https://www.otokimall.com/front/product/1134
578,10001,현미식초 1.8L,https://www.otokimall.com/front/product/331
579,10001,라이스비니거 345ML,https://www.otokimall.com/front/product/2591
580,10001,코울슬로드레싱 255G,https://www.otokimall.com/front/product/151
581,10001,와사비분 300G,https://www.otokimall.com/front/product/405
582,10001,오늘밥상 된장무침양념 90G,https://www.otokimall.com/front/product/266
583,10001,이금기 중화마파소스 226G,https://www.otokimall.com/front/product/295
584,10001,불고기양념 480G,https://www.otokimall.com/front/product/228
585,10001,고추장불고기양념 500G,https://www.otokimall.com/front/product/227
586,10001,바질콕콕와사비 100G,https://www.otokimall.com/front/product/3983
587,10001,타타르소스 245G,https://www.otokimall.com/front/product/152
588,10001,LIGHT&JOY 오리엔탈 저칼로리드레싱 320G,https://www.otokimall.com/front/product/2140
589,10001,프레스코 파스타소스 치킨갈릭크림 370G,https://www.otokimall.com/front/product/2779
590,10001,페퍼팝 오리지널 20G,https://www.otokimall.com/front/product/4168
591,10001,올리브유마요네스 300G,https://www.otokimall.com/front/product/118
592,10001,미향 900ML,https://www.otokimall.com/front/product/366
593,10001,스모키허니머스타드 260G,https://www.otokimall.com/front/product/172
594,10001,이금기 갈릭굴소스 520G,https://www.otokimall.com/front/product/304
595,10001,데리야끼소스 345g,https://www.otokimall.com/front/product/2125
596,10001,타바스코 스콜피온소스 150ML,https://www.otokimall.com/front/product/3102
597,10001,3배양조식초 900ML,https://www.otokimall.com/front/product/360
598,10001,LIGHT&JOY 키위 저칼로리드레싱 310G,https://www.otokimall.com/front/product/2142
599,10001,헬로베지 순식물성 소이마요 310G,https://www.otokimall.com/front/product/123
600,10001,스테이크소스 470G,https://www.otokimall.com/front/product/245
601,10001,델리토마토케챂 800G,https://www.otokimall.com/front/product/136
602,10001,이금기 치우챠우칠리오일 205G,https://www.otokimall.com/front/product/299
603,10001,타바스코 고추장 핫소스 300G,https://www.otokimall.com/front/product/4117
604,10001,우스타소스 415G,https://www.otokimall.com/front/product/248
605,10001,닭볶음탕양념 470G,https://www.otokimall.com/front/product/207
606,10001,페퍼팝 마라맛 20G,https://www.otokimall.com/front/product/4170
607,10001,소갈비양념 480G,https://www.otokimall.com/front/product/204
608,10001,1000아일랜드드레싱 250G,https://www.otokimall.com/front/product/147
609,10001,직접 갈아먹는 스모크페퍼솔트 70g,https://www.otokimall.com/front/product/2092
610,10001,골드마요네스 3.2KG,https://www.otokimall.com/front/product/126
611,10001,오리엔탈드레싱 215G,https://www.otokimall.com/front/product/3078
612,10001,청귤콕콕와사비 100G,https://www.otokimall.com/front/product/3984
613,10001,그린바질드레싱 215G,https://www.otokimall.com/front/product/3096
614,10001,간편피클초 1.8L,https://www.otokimall.com/front/product/348
615,10001,마른안주에 찍어먹는 마요네스 310G,https://www.otokimall.com/front/product/122
616,10001,과일과야채케챂 280G,https://www.otokimall.com/front/product/138
617,10001,돼지갈비양념 480G,https://www.otokimall.com/front/product/201
618,10001,페퍼팝 카레맛 20G,https://www.otokimall.com/front/product/4169
619,10001,LIGHT&JOY 그린애플발사믹 저칼로리드레싱 315G,https://www.otokimall.com/front/product/2141
620,10001,미향 1.8L,https://www.otokimall.com/front/product/367
621,10001,오늘밥상 얼큰비법매운탕양념 110G,https://www.otokimall.com/front/product/217
622,10001,오늘밥상 차슈요리양념 120G,https://www.otokimall.com/front/product/224
623,10001,LIGHT&JOY 1/2하프마요네스 835G,https://www.otokimall.com/front/product/4203
624,10001,LIGHT&JOY 1/2하프케찹 760G,https://www.otokimall.com/front/product/4204
625,10001,레드와인발사믹드레싱 215G,https://www.otokimall.com/front/product/3079
626,10001,이금기 중화시즈닝맛간장 410ML,https://www.otokimall.com/front/product/289
627,10001,할라피뇨케챂 280G,https://www.otokimall.com/front/product/142
628,10001,이금기 갈릭굴소스 255G,https://www.otokimall.com/front/product/303
629,10001,이금기 중화고추마늘소스 226G,https://www.otokimall.com/front/product/291
630,10001,직접갈아먹는 컬러페퍼솔트 70g,https://www.otokimall.com/front/product/424
631,10001,식당용케찹 3.3KG,https://www.otokimall.com/front/product/143
632,10001,요리올리고당 2.45KG,https://www.otokimall.com/front/product/1128
633,10001,이금기 치킨파우더 1KG,https://www.otokimall.com/front/product/309
634,10001,간편 장아찌소스 315g,https://www.otokimall.com/front/product/2132
635,10001,3배사과식초 900ML,https://www.otokimall.com/front/product/362
636,10001,오늘밥상 춘천식철판닭갈비양념 160G,https://www.otokimall.com/front/product/226
637,10001,와사비소스 310g,https://www.otokimall.com/front/product/2123
638,10001,스리라차와 마요네스가 만난 매코매요 210G,https://www.otokimall.com/front/product/2859
639,10001,쌀올리고당 700G,https://www.otokimall.com/front/product/1129
640,10001,화이트식초 900ML,https://www.otokimall.com/front/product/337
641,10001,갈릭아이올리소스 240G,https://www.otokimall.com/front/product/159
642,10001,돼지불고기양념 500G,https://www.otokimall.com/front/product/198
643,10001,간장찜닭양념 480G,https://www.otokimall.com/front/product/209
644,10001,바베큐소스 매운맛 355g,https://www.otokimall.com/front/product/2127
645,10001,이금기 동파육소스 260G,https://www.otokimall.com/front/product/302
646,10001,LIGHT&JOY 1/2하프마요네스 525G,https://www.otokimall.com/front/product/117
647,10001,이탈리안드레싱 215G,https://www.otokimall.com/front/product/3095
648,10001,바베큐소스 340g,https://www.otokimall.com/front/product/2126
649,10001,후레시마요네스 800G,https://www.otokimall.com/front/product/110
650,10001,간편피클초 900ML,https://www.otokimall.com/front/product/343
651,10001,야채스프레드&딥소스 245G,https://www.otokimall.com/front/product/146
652,10001,겨자냉채소스 250G,https://www.otokimall.com/front/product/412
653,10001,현미식초 900ML,https://www.otokimall.com/front/product/329
654,10001,홀스래디쉬 250G,https://www.otokimall.com/front/product/156
655,10001,오늘밥상 마라떡볶이소스 180G,https://www.otokimall.com/front/product/4443
656,10001,소불고기양념 480G,https://www.otokimall.com/front/product/195
657,10001,이금기 중화XO소스 220G,https://www.otokimall.com/front/product/290
658,10001,2배현미식초 900ML,https://www.otokimall.com/front/product/355
659,10001,2배양조식초 900ML,https://www.otokimall.com/front/product/351
660,10001,이금기 중화마늘콩소스 226G,https://www.otokimall.com/front/product/296
661,10001,케요네스 310G,https://www.otokimall.com/front/product/124
662,10001,이금기 중화바베큐소스 240G,https://www.otokimall.com/front/product/294
663,10001,LIGHT&JOY 칼로리를 줄인 아몬드캐슈넛드레싱 290G,https://www.otokimall.com/front/product/4390
664,10001,프레스코파스타소스 바질토마토 600G,https://www.otokimall.com/front/product/4506
665,10001,이금기 팬더굴소스 2KG,https://www.otokimall.com/front/product/308
666,10001,이금기 중화해선장 240G,https://www.otokimall.com/front/product/288
667,10001,LIGHT&JOY 칼로리를 줄인 시저드레싱 295G,https://www.otokimall.com/front/product/4389
668,10001,이금기 화조유 207ML,https://www.otokimall.com/front/product/314
669,10001,후레시마요네스 500G,https://www.otokimall.com/front/product/109
670,10001,이금기 황두장 368G,https://www.otokimall.com/front/product/312
671,10001,사천마파두부양념 130G,https://www.otokimall.com/front/product/220
672,10001,매실식초 900ML,https://www.otokimall.com/front/product/341
673,10001,간편장아찌소스 2KG,https://www.otokimall.com/front/product/274
674,10001,삼겹살양파절임소스 2.1KG,https://www.otokimall.com/front/product/4422
675,10001,꿀배청 680G,https://www.otokimall.com/front/product/1132
676,10001,양송이스테이크소스 270G,https://www.otokimall.com/front/product/247
677,10001,프레스코파스타소스 올리브토마토 600G,https://www.otokimall.com/front/product/4507
678,10001,정통집밥된장찌개양념 140G,https://www.otokimall.com/front/product/221
679,10001,요리용꿀 400G,https://www.otokimall.com/front/product/1140
680,10001,이금기 중화매실소스 260G,https://www.otokimall.com/front/product/292
681,10001,실쏙 고소한마요네스 3.2KG,https://www.otokimall.com/front/product/4601
682,10001,실쏙 스파게티소스 토마토 2Kg,https://www.otokimall.com/front/product/4572
683,10001,옛날 사골곰탕 350G,https://www.otokimall.com/front/product/737
684,10001,간편 블럭 북엇국 52.5G,https://www.otokimall.com/front/product/781
685,10001,간편 블럭 미역국 47.5G,https://www.otokimall.com/front/product/782
686,10001,고기리들기름막국수용육수 300G,https://www.otokimall.com/front/product/751
687,10001,가뿐한끼 촉촉스팀 닭가슴살 블랙페퍼 100G,https://www.otokimall.com/front/product/4141
688,10001,간편 블럭 사골우거지국 50G,https://www.otokimall.com/front/product/783
689,10001,옛날 사골곰탕 500G,https://www.otokimall.com/front/product/738
690,10001,맛있는미역국 18G,https://www.otokimall.com/front/product/771
691,10001,맛있는북엇국 34G,https://www.otokimall.com/front/product/770
692,10001,간편 블럭 닭곰탕 50G,https://www.otokimall.com/front/product/785
693,10001,간편 블럭 시래기된장국 47.5G,https://www.otokimall.com/front/product/786
694,10001,옛날 육개장 300G,https://www.otokimall.com/front/product/752
695,10001,리얼 멕시칸 브리또 페페로니트리플치즈,https://www.otokimall.com/front/product/964
696,10001,렌지에돌려먹는고등어구이,https://www.otokimall.com/front/product/895
697,10001,가뿐한끼 촉촉스팀 닭가슴살 레드페퍼 100G,https://www.otokimall.com/front/product/4142
698,10001,간편 블럭 버섯해장국 45G,https://www.otokimall.com/front/product/784
699,10001,간편미역국 9.5G,https://www.otokimall.com/front/product/777
700,10001,청담미역 가자미미역국 500g,https://www.otokimall.com/front/product/2066
701,10001,간편 블럭 미소된장국 47.5G,https://www.otokimall.com/front/product/787
702,10001,옛날 육개장 500G,https://www.otokimall.com/front/product/753
703,10001,렌지에돌려먹는 연어구이,https://www.otokimall.com/front/product/906
704,10001,간편닭곰탕 10G,https://www.otokimall.com/front/product/780
705,10001,옛날 누룽지 닭다리 삼계탕 500g,https://www.otokimall.com/front/product/3241
706,10001,맛있는애호박된장국 36G,https://www.otokimall.com/front/product/773
707,10001,간편북엇국 10.5G,https://www.otokimall.com/front/product/776
708,10001,간편사골우거지국 10G,https://www.otokimall.com/front/product/778
709,10001,렌지에돌려먹는 고등어구이 70G,https://www.otokimall.com/front/product/889
710,10001,오감포차 직화닭발 150G,https://www.otokimall.com/front/product/876
711,10001,마포식 차돌된장찌개 500G,https://www.otokimall.com/front/product/764
712,10001,간편 블럭 계란국 37.5G,https://www.otokimall.com/front/product/3506
713,10001,맛있는육개장 38G,https://www.otokimall.com/front/product/774
714,10001,종로식 도가니탕 500G,https://www.otokimall.com/front/product/746
715,10001,오즈키친 치즈스틱 410G,https://www.otokimall.com/front/product/923
716,10001,남도식 한우미역국 500G,https://www.otokimall.com/front/product/763
717,10001,간편버섯해장국 9G,https://www.otokimall.com/front/product/779
718,10001,리얼 멕시칸 브리또 치폴레살사치킨,https://www.otokimall.com/front/product/965
719,10001,옛날 설렁탕 300G,https://www.otokimall.com/front/product/739
720,10001,청주식 돼지김치짜글이 450G,https://www.otokimall.com/front/product/767
721,10001,렌지에돌려먹는 삼치구이,https://www.otokimall.com/front/product/901
722,10001,안동식 쇠고기국밥 500G,https://www.otokimall.com/front/product/762
723,10001,의정부식 부대찌개 500G,https://www.otokimall.com/front/product/758
724,10001,병천식 얼큰순대국밥 500G,https://www.otokimall.com/front/product/2473
725,10001,맛있는사골우거지국 22G,https://www.otokimall.com/front/product/772
726,10001,옛날 삼계탕 900g,https://www.otokimall.com/front/product/2321
727,10001,수원식 우거지갈비탕 500G,https://www.otokimall.com/front/product/745
728,10001,갈비산적,https://www.otokimall.com/front/product/919
729,10001,부산식 얼큰돼지국밥 500G,https://www.otokimall.com/front/product/2474
730,10001,렌지에돌려먹는 삼치구이 60G,https://www.otokimall.com/front/product/891
731,10001,크런치 치킨너겟 480G,https://www.otokimall.com/front/product/3627
732,10001,오즈키친 멘보샤 405G,https://www.otokimall.com/front/product/927
733,10001,맛있는청국장 39.6G,https://www.otokimall.com/front/product/775
734,10001,바삭김말이 400G,https://www.otokimall.com/front/product/926
735,10001,대구식 쇠고기육개장 500G,https://www.otokimall.com/front/product/761
736,10001,등심돈까스 500G,https://www.otokimall.com/front/product/921
737,10001,부산식 돼지국밥 500G,https://www.otokimall.com/front/product/744
738,10001,UNO 멕시칸 라이스브리또 불고기,https://www.otokimall.com/front/product/966
739,10001,상쾌환 얼큰마라탕 300G,https://www.otokimall.com/front/product/3999
740,10001,나주식 쇠고기곰탕 500G,https://www.otokimall.com/front/product/748
741,10001,부드럽고촉촉한동그랑땡,https://www.otokimall.com/front/product/918
742,10001,오감포차 닭근위마늘볶음 150G,https://www.otokimall.com/front/product/878
743,10001,옛날 사골곰탕 350G,https://www.otokimall.com/front/product/2727
744,10001,양평식 선지해장국 500G,https://www.otokimall.com/front/product/768
745,10001,로이앤메이 사천마파두부 250G,https://www.otokimall.com/front/product/3920
746,10001,렌지에돌려먹는연어구이 60G,https://www.otokimall.com/front/product/896
747,10001,오즈키친 떡갈비 480G,https://www.otokimall.com/front/product/928
748,10001,광주식 애호박고추장찌개 450g,https://www.otokimall.com/front/product/2776
749,10001,청담미역 소갈비미역국 500G,https://www.otokimall.com/front/product/3735
750,10001,산청식 우렁된장국 500G,https://www.otokimall.com/front/product/766
751,10001,통등심치즈돈까스 480G,https://www.otokimall.com/front/product/922
752,10001,간장돼지갈비찜 180G,https://www.otokimall.com/front/product/4428
753,10001,순살고등어김치찜 180G,https://www.otokimall.com/front/product/4427
754,10001,요즘 간편육수링 멸치&디포리,https://www.otokimall.com/front/product/4475
755,10001,오즈키친 칠리새우 300G,https://www.otokimall.com/front/product/929
756,10001,죽장연 빠개장 된장국 500G,https://www.otokimall.com/front/product/3870
757,10001,육향가득 소갈비탕 500G,https://www.otokimall.com/front/product/3759
758,10001,오감포차 직화오돌뼈 150G,https://www.otokimall.com/front/product/879
759,10001,리얼 프렌치 크로크무슈 베이컨치즈,https://www.otokimall.com/front/product/963
760,10001,저온숙성자연산 장어구이,https://www.otokimall.com/front/product/3918
761,10001,육즙가득떡갈비 180G,https://www.otokimall.com/front/product/4426
762,10001,해물완자,https://www.otokimall.com/front/product/920
763,10001,열라면맛 후랑크 70G,https://www.otokimall.com/front/product/4378
764,10001,요즘 간편육수링 사골,https://www.otokimall.com/front/product/4474
765,10001,육향가득 돼지고기 김치찜 400G,https://www.otokimall.com/front/product/3760
766,10001,육향가득 양지육개장 500G,https://www.otokimall.com/front/product/3758
767,10001,리얼 프렌치 크로크무슈 오리지널,https://www.otokimall.com/front/product/961
768,10001,응암동식 뼈없는 감자탕 450G,https://www.otokimall.com/front/product/4522
769,10001,육즙가득 미니 돈까스 400G,https://www.otokimall.com/front/product/4438
770,10001,서울식 차돌대파육개장 500G,https://www.otokimall.com/front/product/4112
771,10001,옛날 육개장 300G,https://www.otokimall.com/front/product/2728
772,10001,육즙가득 통등심 돈까스 420G,https://www.otokimall.com/front/product/4437
773,10001,계란입힌 고기완자 400G,https://www.otokimall.com/front/product/4138
774,10001,제주식 흑돼지김치찌개 450G,https://www.otokimall.com/front/product/4113
775,10001,제주담음 제주청귤담은 갈치구이 222G,https://www.otokimall.com/front/product/4071
776,10001,제주담음 제주청귤담은 고등어구이 222G,https://www.otokimall.com/front/product/4070
777,10001,통실통실 멘보샤 756G,https://www.otokimall.com/front/product/3789
778,10001,땡초김말이 400G,https://www.otokimall.com/front/product/4485
779,10001,리얼 프렌치 크로크무슈 갈릭고르곤졸라,https://www.otokimall.com/front/product/962
780,10001,옛날 누룽지 닭다리 삼계탕 500g,https://www.otokimall.com/front/product/3246
781,10001,부산식 기장미역국 500G,https://www.otokimall.com/front/product/4114
782,10001,크런치 치킨너겟 480G,https://www.otokimall.com/front/product/3728
783,10001,옛날 사골곰탕 350G,https://www.otokimall.com/front/product/3274
784,10001,렌지에돌려먹는 고등어구이 70G,https://www.otokimall.com/front/product/4175
785,10001,남도식 한우미역국 500G,https://www.otokimall.com/front/product/2612
786,10001,의정부식 부대찌개 500G,https://www.otokimall.com/front/product/2609
787,10001,종로식 도가니탕 500G,https://www.otokimall.com/front/product/2621
788,10001,병천식 얼큰순대국밥 500G,https://www.otokimall.com/front/product/2624
789,10001,마포식 차돌된장찌개 500G,https://www.otokimall.com/front/product/2613
790,10001,부산식 돼지국밥 500G,https://www.otokimall.com/front/product/2619
791,10001,부산식 얼큰돼지국밥 500G,https://www.otokimall.com/front/product/2625
792,10001,옛날 설렁탕 300G,https://www.otokimall.com/front/product/3296
793,10001,대구식 쇠고기 육개장 500G,https://www.otokimall.com/front/product/2610
794,10001,나주식 쇠고기곰탕 500G,https://www.otokimall.com/front/product/2623
795,10001,양평식 선지해장국 500G,https://www.otokimall.com/front/product/2616
796,10001,청주식 돼지김치짜글이 450G,https://www.otokimall.com/front/product/2615
797,10001,렌지에돌려먹는 삼치구이 60G,https://www.otokimall.com/front/product/4176
798,10001,수원식 우거지갈비탕 500G,https://www.otokimall.com/front/product/2620
799,10001,안동식 쇠고기국밥 500G,https://www.otokimall.com/front/product/2611
800,10001,산청식 우렁된장국 500G,https://www.otokimall.com/front/product/2614
801,10001,떠먹는 컵피자 콤비네이션 150G,https://www.otokimall.com/front/product/952
802,10001,떠먹는 컵피자 포테이토 150G,https://www.otokimall.com/front/product/950
803,10001,X.O. 교자새우&홍게살,https://www.otokimall.com/front/product/846
804,10001,떠먹는 컵피자 불고기 150G,https://www.otokimall.com/front/product/951
805,10001,UNO 사각피자 불고기 99G,https://www.otokimall.com/front/product/946
806,10001,UNO 사각피자 고르곤졸라 91G,https://www.otokimall.com/front/product/947
807,10001,UNO 사각피자 치즈 91G,https://www.otokimall.com/front/product/945
808,10001,X.O. 교자,https://www.otokimall.com/front/product/845
809,10001,오즈키친 크리스피치킨 500G,https://www.otokimall.com/front/product/930
810,10001,페페로니디럭스 치즈크러스트 피자 510G,https://www.otokimall.com/front/product/958
811,10001,UNO 사각피자 콤비네이션 120G,https://www.otokimall.com/front/product/3260
812,10001,XO 슈마이새우 133G,https://www.otokimall.com/front/product/859
813,10001,오즈키친 핫크리스피치킨 500G,https://www.otokimall.com/front/product/931
814,10001,오즈키친 마늘간장치킨 580G,https://www.otokimall.com/front/product/934
815,10001,갈릭고르곤졸라 치즈크러스트 피자 460G,https://www.otokimall.com/front/product/960
816,10001,X.O. 수제손만두 고기듬뿍,https://www.otokimall.com/front/product/2119
817,10001,오즈키친 양념치킨 580G,https://www.otokimall.com/front/product/933
818,10001,X.O. 교자김치,https://www.otokimall.com/front/product/850
819,10001,시그니처익스트림 콘크러스트 피자 530G,https://www.otokimall.com/front/product/959
820,10001,맛있는 찹쌀만두피 150G,https://www.otokimall.com/front/product/874
821,10001,X.O. 감자떡만두 고기,https://www.otokimall.com/front/product/2374
822,10001,오즈키친 스윗허니 치킨 윙봉 340g,https://www.otokimall.com/front/product/2361
823,10001,X.O. 수제손만두 칼칼김치,https://www.otokimall.com/front/product/2118
824,10001,X.O. 군만두고기듬뿍,https://www.otokimall.com/front/product/856
825,10001,페퍼로니 피자 UNO 180G,https://www.otokimall.com/front/product/2206
826,10001,콤비네이션 피자 415G,https://www.otokimall.com/front/product/939
827,10001,불고기 피자 396G,https://www.otokimall.com/front/product/940
828,10001,XO 슈마이고기 133G,https://www.otokimall.com/front/product/860
829,10001,콤비네이션 피자 UNO 390G,https://www.otokimall.com/front/product/948
830,10001,X.O. 감자떡만두 김치,https://www.otokimall.com/front/product/2375
831,10001,미트콤보 고구마크러스트 피자 497g,https://www.otokimall.com/front/product/2348
832,10001,X.O. 물만두,https://www.otokimall.com/front/product/2120
833,10001,X.O. 통새우군만두,https://www.otokimall.com/front/product/854
834,10001,맛있는 손만두김치,https://www.otokimall.com/front/product/2243
835,10001,X.O. 굴림만두고기,https://www.otokimall.com/front/product/862
836,10001,불고기 피자 UNO 360G,https://www.otokimall.com/front/product/949
837,10001,맛있는 찹쌀군만두잡채,https://www.otokimall.com/front/product/853
838,10001,X.O. 딤섬 새우 하가우,https://www.otokimall.com/front/product/3865
839,10001,순후추치킨 180G,https://www.otokimall.com/front/product/3331
840,10001,순후추 교자,https://www.otokimall.com/front/product/3446
841,10001,맛있는 제주 메밀전병 만두,https://www.otokimall.com/front/product/3512
842,10001,카레 군만두,https://www.otokimall.com/front/product/3447
843,10001,X.O. 교자고기&제주마늘,https://www.otokimall.com/front/product/851
844,10001,가뿐한끼 닭가슴살 만두 오리지널 180G,https://www.otokimall.com/front/product/4381
845,10001,콘치즈 피자 300G,https://www.otokimall.com/front/product/2323
846,10001,맛있는 손만두고기,https://www.otokimall.com/front/product/2242
847,10001,순후추닭강정 180G,https://www.otokimall.com/front/product/4302
848,10001,가뿐한끼 닭가슴살 만두 김치 180G,https://www.otokimall.com/front/product/4382
849,10001,X.O. 딤섬 샤오롱바오,https://www.otokimall.com/front/product/3867
850,10001,X.O. 이북식손만두,https://www.otokimall.com/front/product/871
851,10001,얇은피 잎새만두고기,https://www.otokimall.com/front/product/872
852,10001,아삭아삭 오이피클 240G,https://www.otokimall.com/front/product/1064
853,10001,버블만두 고기 168G,https://www.otokimall.com/front/product/3329
854,10001,맛있는 손만두고기,https://www.otokimall.com/front/product/866
855,10001,버블만두 김치 168G,https://www.otokimall.com/front/product/3330
856,10001,X.O. 미니군만두고기 465G,https://www.otokimall.com/front/product/857
857,10001,참깨만두,https://www.otokimall.com/front/product/4202
858,10001,마르게리타 피자 320G,https://www.otokimall.com/front/product/2322
859,10001,X.O. 굴림만두김치,https://www.otokimall.com/front/product/863
860,10001,X.O. 딤섬 마라창펀,https://www.otokimall.com/front/product/3866
861,10001,크러스트 피자 4종 골라담기,https://www.otokimall.com/front/product/3120
862,10001,XO 슈마이새우 133G,https://www.otokimall.com/front/product/3683
863,10001,X.O. 딤섬 3종 골라담기,https://www.otokimall.com/front/product/4000
864,10001,X.O. 교자새우&홍게살,https://www.otokimall.com/front/product/3404
865,10001,맛있는 왕교자김치,https://www.otokimall.com/front/product/2245
866,10001,맛있는 찹쌀만두피 150G,https://www.otokimall.com/front/product/3681
867,10001,순후추 교자,https://www.otokimall.com/front/product/3687
868,10001,맛있는 손만두고기,https://www.otokimall.com/front/product/3675
869,10001,맛있는 제주 메밀전병 만두,https://www.otokimall.com/front/product/3689
870,10001,XO 슈마이고기 133G,https://www.otokimall.com/front/product/3682
871,10001,맛있는 손만두김치,https://www.otokimall.com/front/product/3678
872,10001,맛있는 왕교자고기,https://www.otokimall.com/front/product/2244
873,10001,카레 군만두,https://www.otokimall.com/front/product/3688
874,10001,맛있는 제주 메밀전병 만두,https://www.otokimall.com/front/product/3579
875,10001,버블만두 김치 168G,https://www.otokimall.com/front/product/3686
876,10001,X.O. 물만두,https://www.otokimall.com/front/product/3665
877,10001,X.O. 교자,https://www.otokimall.com/front/product/3405
878,10001,X.O. 군만두고기듬뿍,https://www.otokimall.com/front/product/3666
879,10001,맛있는 손만두고기,https://www.otokimall.com/front/product/3672
880,10001,X.O. 교자김치,https://www.otokimall.com/front/product/3662
881,10001,X.O. 수제손만두 칼칼김치,https://www.otokimall.com/front/product/3664
882,10001,X.O. 감자떡만두 고기,https://www.otokimall.com/front/product/3657
883,10001,X.O. 교자고기&제주마늘,https://www.otokimall.com/front/product/3670
884,10001,왕만두 2600G,https://www.otokimall.com/front/product/4414
885,10001,맛있는 물만두,https://www.otokimall.com/front/product/4413
886,10001,버블만두 고기 168G,https://www.otokimall.com/front/product/3685
887,10001,가뿐한끼 닭가슴살 만두 김치 180G,https://www.otokimall.com/front/product/4529
888,10001,맛있는 찹쌀군만두잡채,https://www.otokimall.com/front/product/3674
889,10001,맛있는 찹쌀왕만두피 300G,https://www.otokimall.com/front/product/4415
890,10001,가뿐한끼 닭가슴살 만두 오리지널 180G,https://www.otokimall.com/front/product/4528
891,10001,X.O. 감자떡만두 김치,https://www.otokimall.com/front/product/3658
892,10001,얇은피 잎새만두고기,https://www.otokimall.com/front/product/3677
893,10001,X.O. 수제손만두 고기듬뿍,https://www.otokimall.com/front/product/3663
894,10001,X.O. 딤섬 새우하가우,https://www.otokimall.com/front/product/4030
895,10001,정통 밀 또띠아 240G,https://www.otokimall.com/front/product/1001
896,10001,X.O. 굴림만두고기,https://www.otokimall.com/front/product/3660
897,10001,고소한 쌀 또띠아 240G,https://www.otokimall.com/front/product/1002
898,10001,X.O. 이북식손만두,https://www.otokimall.com/front/product/3669
899,10001,X.O. 통새우군만두,https://www.otokimall.com/front/product/3656
900,10001,X.O. 딤섬 마라창펀,https://www.otokimall.com/front/product/4031
901,10001,X.O. 딤섬 샤오롱바오,https://www.otokimall.com/front/product/4032
902,10001,아삭아삭 믹스피클 240G,https://www.otokimall.com/front/product/1065
903,10001,실쏙 물만두 1.5KG,https://www.otokimall.com/front/product/4574
904,10001,실쏙 얇은피잎새만두 고기 1.5KG,https://www.otokimall.com/front/product/4494
905,10001,X.O. 미니군만두고기 465G,https://www.otokimall.com/front/product/3668
906,10001,맛있는 물만두,https://www.otokimall.com/front/product/4526
907,10001,X.O. 굴림만두김치,https://www.otokimall.com/front/product/3661
908,10001,참깨만두,https://www.otokimall.com/front/product/4527
909,10001,맛있는 왕교자고기,https://www.otokimall.com/front/product/4525
910,10001,실쏙 교자만두 고기 1.5KG,https://www.otokimall.com/front/product/4573
911,10001,실쏙 찹쌀군만두 고기 1.5KG,https://www.otokimall.com/front/product/4575
912,10001,맛있는 왕교자김치,https://www.otokimall.com/front/product/4524
913,10001,오뚜기카레 약간매운맛 100G,https://www.otokimall.com/front/product/2
914,10001,백세카레 약간매운맛 100G,https://www.otokimall.com/front/product/10
915,10001,옛날 야채죽 85G,https://www.otokimall.com/front/product/71
916,10001,옛날 쇠고기죽 85G,https://www.otokimall.com/front/product/69
917,10001,오뚜기카레 순한맛 100G,https://www.otokimall.com/front/product/1
918,10001,오뚜기카레 매운맛 100G,https://www.otokimall.com/front/product/3
919,10001,부침가루 1KG,https://www.otokimall.com/front/product/74
920,10001,오뚜기짜장 100G,https://www.otokimall.com/front/product/39
921,10001,백세카레 순한맛 100G,https://www.otokimall.com/front/product/9
922,10001,더바삭부침가루 1KG,https://www.otokimall.com/front/product/75
923,10001,백세카레 매운맛 100G,https://www.otokimall.com/front/product/11
924,10001,찹쌀호떡믹스 400G,https://www.otokimall.com/front/product/95
925,10001,초간편 감자전믹스 200G,https://www.otokimall.com/front/product/84
926,10001,옛날 잣죽 80G,https://www.otokimall.com/front/product/70
927,10001,옛날 검은깨죽 80G,https://www.otokimall.com/front/product/72
928,10001,바몬드카레골드 약간매운맛 100G,https://www.otokimall.com/front/product/7
929,10001,강황 140G,https://www.otokimall.com/front/product/433
930,10001,더바삭튀김가루 1KG,https://www.otokimall.com/front/product/78
931,10001,튀김가루 1KG,https://www.otokimall.com/front/product/77
932,10001,비밀카레 약간매운맛 100G,https://www.otokimall.com/front/product/3629
933,10001,하이라이스소스 100G,https://www.otokimall.com/front/product/46
934,10001,핫케이크믹스 1KG,https://www.otokimall.com/front/product/87
935,10001,찹쌀미니도나스믹스 250g,https://www.otokimall.com/front/product/94
936,10001,바몬드카레골드 매운맛 100G,https://www.otokimall.com/front/product/8
937,10001,어린이카레 80G,https://www.otokimall.com/front/product/32
938,10001,초간편 김치전믹스 320G,https://www.otokimall.com/front/product/85
939,10001,바몬드카레골드 순한맛 100G,https://www.otokimall.com/front/product/6
940,10001,베이킹소다 400G,https://www.otokimall.com/front/product/1229
941,10001,골드브라운하이스 80G,https://www.otokimall.com/front/product/47
942,10001,찹쌀쑥호떡믹스 300G,https://www.otokimall.com/front/product/3919
943,10001,비밀카레 순한맛 100G,https://www.otokimall.com/front/product/3634
944,10001,오뚜기사천짜장 100G,https://www.otokimall.com/front/product/41
945,10001,빵가루 1KG,https://www.otokimall.com/front/product/82
946,10001,감자맛전분 300G,https://www.otokimall.com/front/product/1279
947,10001,백세발효강황카레 순한맛 80G,https://www.otokimall.com/front/product/12
948,10001,뉴슈가 100G,https://www.otokimall.com/front/product/1281
949,10001,치킨튀김가루 1KG,https://www.otokimall.com/front/product/79
950,10001,쌀핫케이크믹스 400G,https://www.otokimall.com/front/product/91
951,10001,도나스믹스 1KG,https://www.otokimall.com/front/product/93
952,10001,백세발효강황카레 약간매운맛 80G,https://www.otokimall.com/front/product/13
953,10001,오뚜기삼선간짜장 100G,https://www.otokimall.com/front/product/42
954,10001,녹두빈대떡가루 500G,https://www.otokimall.com/front/product/83
955,10001,쵸코핫케이크믹스 500G,https://www.otokimall.com/front/product/88
956,10001,핫케이크믹스 1KG,https://www.otokimall.com/front/product/3247
957,10001,스위트콘 340G,https://www.otokimall.com/front/product/1076
958,10001,무가당 초당옥수수 수퍼스위트콘 340g,https://www.otokimall.com/front/product/1078
959,10001,간단한끼 볶음고추장참치 90G,https://www.otokimall.com/front/product/1087
960,10001,황도400G,https://www.otokimall.com/front/product/1072
961,10001,고소한참기름 500ML,https://www.otokimall.com/front/product/378
962,10001,옛날볶음참깨 100G,https://www.otokimall.com/front/product/426
963,10001,LIGHT&JOY 가벼운참치 살코기,https://www.otokimall.com/front/product/1095
964,10001,LIGHT&JOY 가벼운참치 더마일드,https://www.otokimall.com/front/product/1096
965,10001,간단한끼 강된장참치 90G,https://www.otokimall.com/front/product/1086
966,10001,퐄햄 340g,https://www.otokimall.com/front/product/2397
967,10001,압착올리브유 0.9L,https://www.otokimall.com/front/product/1029
968,10001,향긋한들기름 320ML,https://www.otokimall.com/front/product/395
969,10001,골드마요참치 95G,https://www.otokimall.com/front/product/3721
970,10001,카놀라유 0.9L,https://www.otokimall.com/front/product/1025
971,10001,백도400G,https://www.otokimall.com/front/product/1074
972,10001,콩기름 1.8L,https://www.otokimall.com/front/product/1017
973,10001,칰햄 오리지널 200G,https://www.otokimall.com/front/product/1083
974,10001,LIGHT&JOY 가벼운 백도 280G,https://www.otokimall.com/front/product/3625
975,10001,고소한참기름 320ML,https://www.otokimall.com/front/product/376
976,10001,오뚜기꽁치 400G,https://www.otokimall.com/front/product/1116
977,10001,올리브바질참치,https://www.otokimall.com/front/product/1089
978,10001,LIGHT&JOY 가벼운참치 고추,https://www.otokimall.com/front/product/1097
979,10001,파인애플 850G,https://www.otokimall.com/front/product/1071
980,10001,콩기름 0.9L,https://www.otokimall.com/front/product/1015
981,10001,방앗간참기름 200ML,https://www.otokimall.com/front/product/389
982,10001,옛날참기름참치 95G,https://www.otokimall.com/front/product/3722
983,10001,LIGHT&JOY 가벼운참치 살코기 + 더마일드,https://www.otokimall.com/front/product/2398
984,10001,LIGHT&JOY 가벼운 황도 280G,https://www.otokimall.com/front/product/3624
985,10001,옛날참기름 450ML,https://www.otokimall.com/front/product/387
986,10001,매콤마라참치 95G,https://www.otokimall.com/front/product/3720
987,10001,칰햄 블랙페퍼 200G,https://www.otokimall.com/front/product/1084
988,10001,오뚜기꽁치김치찌개 400G,https://www.otokimall.com/front/product/1118
989,10001,옛날참기름 320ML,https://www.otokimall.com/front/product/386
990,10001,옛날 고추맛기름 80ML,https://www.otokimall.com/front/product/398
991,10001,고소한참기름 350ML,https://www.otokimall.com/front/product/390
992,10001,옛날참기름 300ML,https://www.otokimall.com/front/product/384
993,10001,LIGHT&JOY 가벼운참치 살코기 + 고추,https://www.otokimall.com/front/product/2399
994,10001,가벼운참치 김치찌개용,https://www.otokimall.com/front/product/1099
995,10001,포도씨유 0.9L,https://www.otokimall.com/front/product/1027
996,10001,옥수수유 1.8L,https://www.otokimall.com/front/product/1022
997,10001,옥수수유 0.9L,https://www.otokimall.com/front/product/1020
998,10001,LIGHT&JOY 가벼운참치 야채,https://www.otokimall.com/front/product/1098
999,10001,파우치 참치 매콤마라/골드마요/옛날참기름,https://www.otokimall.com/front/product/3799
1000,10001,옛날볶음검은깨 120G,https://www.otokimall.com/front/product/428
1001,10001,LIGHT&JOY 가벼운참치 더마일드 + 야채,https://www.otokimall.com/front/product/2401
1002,10001,LIGHT&JOY 가벼운참치 더마일드 + 김치찌개용,https://www.otokimall.com/front/product/2400
1003,10001,LIGHT&JOY 가벼운참치 고추,https://www.otokimall.com/front/product/2256
1004,10001,통참깨 참기름 150ML,https://www.otokimall.com/front/product/4084
1005,10001,통들깨 들기름 150ML,https://www.otokimall.com/front/product/4083
1006,10001,가벼운참치 김치찌개용,https://www.otokimall.com/front/product/2258
1007,10001,LIGHT&JOY 가벼운참치 살코기,https://www.otokimall.com/front/product/2260
1008,10001,LIGHT&JOY 가벼운참치 살코기,https://www.otokimall.com/front/product/3381
1009,10001,LIGHT&JOY 가벼운참치 더마일드,https://www.otokimall.com/front/product/3564
1010,10001,간단한끼 볶음고추장참치 90G,https://www.otokimall.com/front/product/3567
1011,10001,간단한끼 강된장참치 90G,https://www.otokimall.com/front/product/3568
1012,10001,LIGHT&JOY 가벼운참치 더마일드,https://www.otokimall.com/front/product/2259
1013,10001,LIGHT&JOY 가벼운참치 고추,https://www.otokimall.com/front/product/3565
1014,10001,골드마요참치 95G,https://www.otokimall.com/front/product/4503
1015,10001,만자니아 슬라이스블랙올리브 405G,https://www.otokimall.com/front/product/4396
1016,10001,올리브바질참치,https://www.otokimall.com/front/product/3563
1017,10001,가벼운참치 김치찌개용,https://www.otokimall.com/front/product/3382
1018,10001,LIGHT&JOY 가벼운참치 야채,https://www.otokimall.com/front/product/3566
1019,10001,LIGHT&JOY 가벼운참치 더마일드,https://www.otokimall.com/front/product/4498
1020,10001,옛날참기름참치 95G,https://www.otokimall.com/front/product/4504
1021,10001,LIGHT&JOY 가벼운참치 살코기,https://www.otokimall.com/front/product/4497
1022,10001,LIGHT&JOY 가벼운참치 고추,https://www.otokimall.com/front/product/4500
1023,10001,매콤마라참치 95G,https://www.otokimall.com/front/product/4502
1024,10001,가벼운참치 김치찌개용,https://www.otokimall.com/front/product/4501
1025,10001,옛날자른미역 80G,https://www.otokimall.com/front/product/1111
1026,10001,요즘미역,https://www.otokimall.com/front/product/1112
1027,10001,옛날미역 250G,https://www.otokimall.com/front/product/1108
1028,10001,옛날 기장미역 80G,https://www.otokimall.com/front/product/1113
1029,10001,옛날미역 100G,https://www.otokimall.com/front/product/1106
1030,10001,옛날 자른기장미역 20G,https://www.otokimall.com/front/product/3580
1031,10001,옛날자른미역 50G,https://www.otokimall.com/front/product/1110
1032,10001,오쉐프 바사삭찹쌀김부각 300G,https://www.otokimall.com/front/product/1119
1033,10001,옛날다시마 100G,https://www.otokimall.com/front/product/1100
1034,10001,옛날자른다시마 80G,https://www.otokimall.com/front/product/1102
1035,10001,제주담음 제주한라봉마말레이드 300G,https://www.otokimall.com/front/product/1061
1036,10001,LIGHT&JOY 당을줄인 논산딸기쨈 290G,https://www.otokimall.com/front/product/2275
1037,10001,딸기쨈 500G,https://www.otokimall.com/front/product/1045
1038,10001,옥수수마가린 200G,https://www.otokimall.com/front/product/1033
1039,10001,딸기쨈 + 블루베리쨈 + 사과쨈 500g,https://www.otokimall.com/front/product/2320
1040,10001,3분 단백질 다크초코맛 300ML,https://www.otokimall.com/front/product/4488
1041,10001,오리지널밀크티 180G,https://www.otokimall.com/front/product/1182
1042,10001,LIGHT&JOY 당을줄인 청송사과쨈 290G,https://www.otokimall.com/front/product/3094
1043,10001,달콤한케이크시럽 220G,https://www.otokimall.com/front/product/1141
1044,10001,LIGHT&JOY 당을줄인 김천자두쨈 290G,https://www.otokimall.com/front/product/2276
1045,10001,아이스티 복숭아맛 280G,https://www.otokimall.com/front/product/1174
1046,10001,아임스틱 가볍당 딸기쨈 200G,https://www.otokimall.com/front/product/1047
1047,10001,쌍화차 195G,https://www.otokimall.com/front/product/1164
1048,10001,식물성마가린 200G,https://www.otokimall.com/front/product/1032
1049,10001,잣호두율무차 1800G,https://www.otokimall.com/front/product/1170
1050,10001,제주담음 제주청귤마말레이드 280G,https://www.otokimall.com/front/product/4325
1051,10001,아이스티 매실맛 280G,https://www.otokimall.com/front/product/1176
1052,10001,핫쵸코 200G,https://www.otokimall.com/front/product/1181
1053,10001,꿀생강차 1KG,https://www.otokimall.com/front/product/1150
1054,10001,아몬드호두율무차 1800G,https://www.otokimall.com/front/product/1172
1055,10001,궁중한차 1800G,https://www.otokimall.com/front/product/1167
1056,10001,꿀유자차 1KG,https://www.otokimall.com/front/product/1147
1057,10001,사과쨈 500G,https://www.otokimall.com/front/product/2310
1058,10001,블루베리쨈 500G,https://www.otokimall.com/front/product/1053
1059,10001,아임스틱 가볍당 사과쨈 200G,https://www.otokimall.com/front/product/1049
1060,10001,생강차 1KG,https://www.otokimall.com/front/product/1151
1061,10001,LIGHT&JOY 당을줄인 논산딸기쨈 480G,https://www.otokimall.com/front/product/4144
1062,10001,꿀대추차 1KG,https://www.otokimall.com/front/product/1153
1063,10001,유자차 1KG,https://www.otokimall.com/front/product/1148
1064,10001,달콤한쵸코시럽 220G,https://www.otokimall.com/front/product/1142
1065,10001,파운드마아가린 450G,https://www.otokimall.com/front/product/1038
1066,10001,아이스티 유자맛 280G,https://www.otokimall.com/front/product/1175
1067,10001,옥수수수염차 120G,https://www.otokimall.com/front/product/1189
1068,10001,포도쨈 500G,https://www.otokimall.com/front/product/1051
1069,10001,LIGHT&JOY 당을줄인 스틱 유자차 300G,https://www.otokimall.com/front/product/1183
1070,10001,대추차 1KG,https://www.otokimall.com/front/product/1154
1071,10001,꿀모과차 1KG,https://www.otokimall.com/front/product/1156
1072,10001,결명자차 50G,https://www.otokimall.com/front/product/1184
1073,10001,LIGHT&JOY 당을줄인 스틱 생강차 300G,https://www.otokimall.com/front/product/1198
1074,10001,오미자 360G,https://www.otokimall.com/front/product/1162
1075,10001,현미녹차 75G,https://www.otokimall.com/front/product/1193
1076,10001,후루츠쨈 500G,https://www.otokimall.com/front/product/1055
1077,10001,마차 225G,https://www.otokimall.com/front/product/1178
1078,10001,말리 패션후르츠맛 180ML,https://www.otokimall.com/front/product/4409
1079,10001,말리 리치맛 180ML,https://www.otokimall.com/front/product/4408
1080,10001,뿌셔뿌셔 마요땅 100G,https://www.otokimall.com/front/product/4301
1081,10001,뿌셔뿌셔 불고기맛 90G,https://www.otokimall.com/front/product/616
1082,10001,뿌셔뿌셔 바베큐맛 90G,https://www.otokimall.com/front/product/617
1083,10001,뿌셔뿌셔 양념치킨맛 90G,https://www.otokimall.com/front/product/618
1084,10001,옛날 쌀떡국 166.6G,https://www.otokimall.com/front/product/841
1085,10001,꼬리까지 가득 찬 팥붕어빵 480G,https://www.otokimall.com/front/product/2452
1086,10001,뿌셔뿌셔 떡볶이맛 90G,https://www.otokimall.com/front/product/619
1087,10001,열 뿌셔뿌셔 화끈한 매운맛 90G,https://www.otokimall.com/front/product/3987
1088,10001,스위트콘나쵸 60G,https://www.otokimall.com/front/product/4001
1089,10001,꼬리까지 가득 찬 슈크림붕어빵 480G,https://www.otokimall.com/front/product/2453
1090,10001,순후추떡볶이 426.4G,https://www.otokimall.com/front/product/2106
1091,10001,뿌셔뿌셔 버터구이오징어맛 90G,https://www.otokimall.com/front/product/3988
1092,10001,콘크림스프팝콘 55G,https://www.otokimall.com/front/product/3053
1093,10001,뿌셔뿌셔 7종 골라담기,https://www.otokimall.com/front/product/4347
1094,10001,리얼 바삭한 빅핫도그 480G,https://www.otokimall.com/front/product/957
1095,10001,스위트앤젤 밀감 90G,https://www.otokimall.com/front/product/3150
1096,10001,맛있는 오리지널 핫도그 400G,https://www.otokimall.com/front/product/953
1097,10001,리얼 바삭한 모짜소떡핫도그 400G,https://www.otokimall.com/front/product/956
1098,10001,제주담음 뿌셔뿌셔 제주마농버터맛 90G,https://www.otokimall.com/front/product/4493
1099,10001,스위트앤젤 복숭아 90G,https://www.otokimall.com/front/product/3151
1100,10001,열 뿌셔뿌셔 화끈한 매운맛 90G/버터구이오징어맛 90G,https://www.otokimall.com/front/product/3997
1101,10001,뚜기네분식집 국물떡볶이 426G,https://www.otokimall.com/front/product/837
1102,10001,열떡볶이면 오리지널 용기 196g,https://www.otokimall.com/front/product/2143
1103,10001,오늘밥상 진한멸치육수로맛을낸떡볶이소스 180G,https://www.otokimall.com/front/product/264
1104,10001,맛있는 치즈 핫도그 400G,https://www.otokimall.com/front/product/954
1105,10001,맥앤치즈볼 300G,https://www.otokimall.com/front/product/938
1106,10001,맛있는 후랑크핫도그 오리지널,https://www.otokimall.com/front/product/2849
1107,10001,순후추팝콘 55G,https://www.otokimall.com/front/product/4199
1108,10001,콘크림스프팝콘 55G,https://www.otokimall.com/front/product/3205
1109,10001,콘크림스프 크리스피롤 55G,https://www.otokimall.com/front/product/4421
1110,10001,뚜기네분식집 쌀떡볶이 426G,https://www.otokimall.com/front/product/836
1111,10001,뿌셔뿌셔 바베큐맛 90G,https://www.otokimall.com/front/product/3207
1112,10001,스위트콘나쵸 60G,https://www.otokimall.com/front/product/4054
1113,10001,통실통실 소시지롤 660G,https://www.otokimall.com/front/product/3790
1114,10001,스위트앤젤 파인 90G,https://www.otokimall.com/front/product/3152
1115,10001,뿌셔뿌셔 불고기맛 90G,https://www.otokimall.com/front/product/3206
1116,10001,맛있는 할라피뇨 핫도그 400G,https://www.otokimall.com/front/product/955
1117,10001,뿌셔뿌셔 떡볶이맛 90G,https://www.otokimall.com/front/product/3209
1118,10001,뿌셔뿌셔 양념치킨맛 90G,https://www.otokimall.com/front/product/3208
1119,10001,뚜기네분식집 라볶이 436G,https://www.otokimall.com/front/product/838
1120,10001,달콤함에빠진 애플파이붕어빵 520G,https://www.otokimall.com/front/product/3457
1121,10001,뿌셔뿌셔 마라맛 90G,https://www.otokimall.com/front/product/4411
1122,10001,달콤함에빠진 딸기크림붕어빵 520G,https://www.otokimall.com/front/product/3458
1123,10001,꼬리까지 가득 찬 붕어빵 2종 골라담기,https://www.otokimall.com/front/product/3106
1124,10001,가뿐한끼 촉촉탱글 닭가슴살 핫도그,https://www.otokimall.com/front/product/4532
1125,10001,맛있는 후랑크핫도그 카레,https://www.otokimall.com/front/product/2850
1126,10001,맥앤치즈볼 300G,https://www.otokimall.com/front/product/3178
1127,10001,순후추떡볶이 426.4G,https://www.otokimall.com/front/product/3164
1128,10001,뿌셔뿌셔 버터구이오징어맛 90G,https://www.otokimall.com/front/product/4081
1129,10001,미니뿌셔 불고기맛,https://www.otokimall.com/front/product/621
1130,10001,미니뿌셔 바베큐맛,https://www.otokimall.com/front/product/622
1131,10001,쫄깃한쌀떡국떡 600G,https://www.otokimall.com/front/product/839
1132,10001,열 뿌셔뿌셔 화끈한 매운맛 90G,https://www.otokimall.com/front/product/4080
1133,10001,쌀가래떡 떡볶이 580G,https://www.otokimall.com/front/product/4313
1134,10001,비엔나 떡볶이 680G,https://www.otokimall.com/front/product/4314
1135,10001,오늘밥상 마라떡볶이소스 180G,https://www.otokimall.com/front/product/4443
1136,10001,열 뿌셔뿌셔 화끈한 매운맛 90G/버터구이오징어맛 90G,https://www.otokimall.com/front/product/4139
1137,10001,맥앤치즈볼 300G,https://www.otokimall.com/front/product/2901
1138,10001,실쏙 오리지널 핫도그,https://www.otokimall.com/front/product/4571
1139,10001,히모카와우동 2인 396G,https://www.otokimall.com/front/product/2316
1140,10001,오뚜기생면사리 200G,https://www.otokimall.com/front/product/627
1141,10001,옛날국수 소면 900G,https://www.otokimall.com/front/product/458
1142,10001,프레스코 스파게티 500G,https://www.otokimall.com/front/product/485
1143,10001,고기리들기름막국수,https://www.otokimall.com/front/product/463
1144,10001,옛날잡채 봉지,https://www.otokimall.com/front/product/626
1145,10001,옛날잡채 용기 76G,https://www.otokimall.com/front/product/625
1146,10001,옛날자른당면 500G,https://www.otokimall.com/front/product/452
1147,10001,옛날국수 소면 1.5KG,https://www.otokimall.com/front/product/459
1148,10001,프레스코 스파게티 240G,https://www.otokimall.com/front/product/3456
1149,10001,옛날자른당면 300G,https://www.otokimall.com/front/product/451
1150,10001,멸치장국 360ML,https://www.otokimall.com/front/product/187
1151,10001,옛날국수 메밀국수 400G,https://www.otokimall.com/front/product/476
1152,10001,옛날당면 500G,https://www.otokimall.com/front/product/443
1153,10001,가쓰오부시장국 360ML,https://www.otokimall.com/front/product/189
1154,10001,메밀소바장국 360ML,https://www.otokimall.com/front/product/188
1155,10001,옛날자른당면 300G,https://www.otokimall.com/front/product/2975
1156,10001,옛날사리당면 100G,https://www.otokimall.com/front/product/445
1157,10001,프레스코 페투치네 500G,https://www.otokimall.com/front/product/488
1158,10001,알뜰당면 1KG,https://www.otokimall.com/front/product/455
1159,10001,옛날국수 수연소면 500G,https://www.otokimall.com/front/product/479
1160,10001,옛날국수 중면 900G,https://www.otokimall.com/front/product/464
1161,10001,옛날납작당면 400G,https://www.otokimall.com/front/product/448
1162,10001,옛날국수 강황소면 900G,https://www.otokimall.com/front/product/482
1163,10001,옛날국수 중면 1.5KG,https://www.otokimall.com/front/product/465
1164,10001,옛날국수 쌀소면 700G,https://www.otokimall.com/front/product/473
1165,10001,프레스코 후실리 500G,https://www.otokimall.com/front/product/491
1166,10001,옛날당면 300G,https://www.otokimall.com/front/product/442
1167,10001,옛날국수 세면 900G,https://www.otokimall.com/front/product/475
1168,10001,프레스코 펜네 500G,https://www.otokimall.com/front/product/490
1169,10001,옛날자른당면 100G,https://www.otokimall.com/front/product/454
1170,10001,중국식18MM넓은당면 300G,https://www.otokimall.com/front/product/450
1171,10001,다시마장국 360ML,https://www.otokimall.com/front/product/193
1172,10001,옛날국수 칼국수 900G,https://www.otokimall.com/front/product/469
1173,10001,생쫄면 452G,https://www.otokimall.com/front/product/997
1174,10001,파스타토스카나 유기농 펜네 500G,https://www.otokimall.com/front/product/492
1175,10001,프레스코 퀵스파게티 500G,https://www.otokimall.com/front/product/487
1176,10001,옛날국수 치자소면 900G,https://www.otokimall.com/front/product/480
1177,10001,옛날사리당면 100G,https://www.otokimall.com/front/product/2973
1178,10001,육수와함께 고기리들기름막국수 485.4G,https://www.otokimall.com/front/product/3303
1179,10001,고기고명 평양물냉면 1078G,https://www.otokimall.com/front/product/998
1180,10001,"초계 물막국수 1,034G",https://www.otokimall.com/front/product/2302
1181,10001,유니짜장 610G,https://www.otokimall.com/front/product/982
1182,10001,코다리 회냉면 594g,https://www.otokimall.com/front/product/999
1183,10001,옛날국수 칼국수 1.5KG,https://www.otokimall.com/front/product/470
1184,10001,함흥비빔냉면 490G,https://www.otokimall.com/front/product/977
1185,10001,초계 비빔막국수 614G,https://www.otokimall.com/front/product/2301
1186,10001,쇠고기장국 360ML,https://www.otokimall.com/front/product/190
1187,10001,김장동치미물냉면 946G,https://www.otokimall.com/front/product/976
1188,10001,메밀소바 612G,https://www.otokimall.com/front/product/4430
1189,10001,프레스코 마카로니 500G,https://www.otokimall.com/front/product/489
1190,10001,물냉비냉 718G,https://www.otokimall.com/front/product/3461
1191,10001,고기리물막국수 900G,https://www.otokimall.com/front/product/4581
1192,10001,옛날잡채 봉지,https://www.otokimall.com/front/product/3005
